SYMBOL	n_ptv	n_missense	n_syn	n_nonsyn
-	0	0	0	0
A1CF	0	1	0	1
AAAS	0	1	0	1
AACS	0	1	0	1
AADAC	0	0	1	0
AAK1	0	1	0	1
AASS	0	0	1	0
ABAT	0	1	0	1
ABCA1	0	1	0	1
ABCA13	0	2	1	2
ABCA4	0	2	0	2
ABCA7	0	1	0	1
ABCA8	0	1	1	1
ABCB6	0	1	0	1
ABCC1	0	1	0	1
ABCC2	0	1	0	1
ABCC3	1	0	0	1
ABCD3	0	1	0	1
ABCE1	0	1	0	1
ABCG1	0	1	0	1
ABHD12B	0	1	0	1
ABI1	1	0	0	1
ABI2	0	2	0	2
ABL1	0	0	1	0
ABL2	0	1	0	1
ABLIM3	0	1	0	1
ABR	0	1	0	1
ABRA	0	0	1	0
ACADVL	0	1	0	1
ACAN	0	1	1	1
ACAP2	0	1	0	1
ACBD3	1	0	0	1
ACCSL	0	0	1	0
ACE	0	1	0	1
ACE2	0	1	0	1
ACER1	0	1	0	1
ACER3	0	1	0	1
ACHE	1	0	0	1
ACO2	0	0	2	0
ACOX3	0	1	0	1
ACSL1	0	1	0	1
ACSL6	1	0	0	1
ACSM5	0	1	0	1
ACTB	1	2	0	3
ACTC1	0	2	0	2
ACTG1	0	1	0	1
ACTN1	0	0	0	0
ACTN2	0	1	0	1
ACTRT3	0	1	0	1
ACY3	0	1	0	1
ACYP1	0	0	0	0
ADAM18	0	1	0	1
ADAM32	0	1	0	1
ADAM33	0	1	0	1
ADAM7	0	1	0	1
ADAMTS14	0	1	0	1
ADAMTS15	0	1	0	1
ADAMTS16	0	2	0	2
ADAMTS17	0	1	0	1
ADAMTS2	0	1	0	1
ADAMTS5	0	1	0	1
ADAMTSL2	0	2	1	2
ADAMTSL5	0	0	1	0
ADAP1	0	1	0	1
ADAT1	0	1	0	1
ADCK3	0	0	1	0
ADCK5	0	1	0	1
ADCY4	0	0	1	0
ADCY5	0	1	0	1
ADCY6	0	1	0	1
ADH1B	0	1	0	1
ADH5	0	1	0	1
ADNP	4	0	0	4
ADRA2B	0	1	1	1
AES	0	0	1	0
AFAP1L2	0	0	1	0
AFF2	0	1	0	1
AFM	0	0	1	0
AFP	0	0	1	0
AFTPH	0	1	0	1
AGAP1	0	3	0	3
AGAP3	0	1	0	1
AGAP8	0	1	0	1
AGBL4	0	1	0	1
AGO1	0	2	0	2
AGO2	0	1	0	1
AGO3	0	2	0	2
AGPAT5	0	0	1	0
AGPS	0	1	0	1
AGTR2	0	1	0	1
AHCY	0	1	0	1
AHDC1	1	0	0	1
AHNAK	1	4	1	5
AHNAK2	0	1	0	1
AHR	0	0	2	0
AIFM1	1	0	0	1
AIFM2	0	1	0	1
AIP	0	0	1	0
AIPL1	0	1	0	1
AK5	0	0	1	0
AK8	0	0	1	0
AKAP12	2	0	0	2
AKAP13	0	3	0	3
AKAP6	0	2	1	2
AKAP8	0	0	1	0
AKNA	0	1	0	1
AKR1B1	0	0	1	0
AKR7A2	0	0	1	0
AKR7A3	0	1	0	1
AKT1S1	0	1	0	1
ALAS1	0	1	0	1
ALCAM	0	0	1	0
ALDH18A1	0	0	1	0
ALDH1A2	1	1	0	2
ALDH3A2	0	1	0	1
ALDOB	0	2	0	2
ALG13	0	1	1	1
ALG14	0	1	0	1
ALG6	0	0	1	0
ALK	1	0	0	1
ALKBH6	0	0	1	0
ALOX15B	0	1	0	1
ALPK2	0	1	1	1
ALPL	0	1	0	1
ALPP	0	1	0	1
ALPPL2	0	1	0	1
ALS2	1	1	0	2
ALS2CL	0	1	0	1
ALS2CR11	0	2	0	2
ALX4	0	1	0	1
AMBRA1	1	0	0	1
AMELX	0	1	0	1
AMOTL1	0	1	0	1
AMPD2	0	0	1	0
AMPD3	0	1	0	1
AMT	0	1	0	1
AMZ2	0	1	0	1
ANGEL1	0	0	1	0
ANGPT4	0	1	0	1
ANGPTL4	0	0	1	0
ANGPTL5	0	1	0	1
ANGPTL7	0	1	0	1
ANK2	1	0	1	1
ANK3	2	0	1	2
ANKAR	0	1	0	1
ANKH	0	1	1	1
ANKMY2	0	1	0	1
ANKRD1	0	1	0	1
ANKRD11	3	0	2	3
ANKRD12	1	0	0	1
ANKRD17	0	0	1	0
ANKRD18A	0	0	1	0
ANKRD28	0	0	1	0
ANKRD32	0	1	0	1
ANKRD33	1	0	0	1
ANKRD36	0	1	0	1
ANKRD40	0	0	1	0
ANKRD50	0	1	0	1
ANKS1A	0	0	1	0
ANKS1B	0	1	0	1
ANLN	0	0	1	0
ANO10	0	1	0	1
ANO2	0	1	0	1
ANO3	0	1	0	1
ANO7	0	0	1	0
ANP32A	0	1	0	1
ANXA6	0	1	0	1
AP2A1	0	0	1	0
AP3B1	0	1	0	1
AP3B2	0	0	2	0
APBA3	0	1	0	1
APBB1	0	2	0	2
APBB2	0	0	0	0
APLP1	0	1	0	1
APLP2	0	0	1	0
APOA1BP	1	0	0	1
APOB	0	2	0	2
APOBEC3C	0	1	0	1
APOBEC3G	0	0	1	0
APPL2	0	1	0	1
APTX	0	0	0	0
AQP12A	0	0	1	0
AQPEP	0	2	0	2
ARAP3	0	1	0	1
ARCN1	1	0	0	1
AREL1	0	1	0	1
ARFGEF2	0	4	1	4
ARFIP1	0	0	1	0
ARGLU1	1	0	0	1
ARHGAP20	0	1	0	1
ARHGAP21	1	0	0	1
ARHGAP24	0	0	1	0
ARHGAP26	0	1	0	1
ARHGAP32	0	1	1	1
ARHGAP35	1	0	0	1
ARHGAP4	0	1	0	1
ARHGAP40	0	1	0	1
ARHGAP44	0	1	0	1
ARHGAP8	1	0	0	1
ARHGAP9	0	1	0	1
ARHGDIA	0	0	1	0
ARHGDIB	0	0	1	0
ARHGEF10L	0	1	0	1
ARHGEF11	0	0	1	0
ARHGEF16	0	1	0	1
ARHGEF2	1	0	0	1
ARHGEF3	0	1	0	1
ARHGEF4	0	1	0	1
ARHGEF40	0	1	0	1
ARHGEF5	0	1	0	1
ARHGEF7	0	1	0	1
ARID1A	0	1	0	1
ARID1B	3	1	2	4
ARID3A	0	0	1	0
ARID3C	0	1	0	1
ARID5A	0	0	1	0
ARL11	1	0	0	1
ARMC3	0	1	0	1
ARMCX5	0	0	1	0
ARPC2	0	0	1	0
ARSI	0	1	0	1
ASAP3	0	2	0	2
ASB17	0	1	0	1
ASCC2	0	0	1	0
ASCC3	0	1	0	1
ASCL3	0	0	1	0
ASH1L	2	0	0	2
ASIC1	0	0	1	0
ASIC4	0	1	0	1
ASNA1	1	0	0	1
ASPA	0	1	0	1
ASPDH	1	0	0	1
ASPG	0	2	0	2
ASPHD1	0	0	1	0
ASTN2	0	1	0	1
ASUN	0	1	0	1
ASXL1	2	0	0	2
ASXL3	0	0	1	0
ATAD1	1	0	0	1
ATAD3A	0	0	1	0
ATAD3B	0	1	0	1
ATCAY	0	1	1	1
ATF6B	0	1	0	1
ATG16L1	0	1	0	1
ATG2A	0	1	0	1
ATG3	0	0	1	0
ATHL1	0	1	0	1
ATIC	0	1	0	1
ATM	0	2	0	2
ATP10B	0	1	0	1
ATP11C	0	1	0	1
ATP12A	0	1	0	1
ATP13A3	0	0	1	0
ATP13A5	1	0	0	1
ATP1B2	1	0	0	1
ATP2A1	0	0	1	0
ATP2A2	0	2	0	2
ATP2B4	0	1	0	1
ATP2C2	0	0	1	0
ATP4B	0	1	0	1
ATP5G1	0	1	0	1
ATP5J2-PTCD1	0	0	1	0
ATP6AP1L	0	1	0	1
ATP6V0C	1	0	0	1
ATP6V0D2	1	0	0	1
ATP6V1B2	0	1	0	1
ATP6V1C1	0	1	0	1
ATP6V1C2	0	1	0	1
ATP8B2	0	1	1	1
ATR	1	0	1	1
ATRNL1	0	1	0	1
ATRX	0	1	0	1
ATXN1	0	1	0	1
ATXN2L	0	1	0	1
AXDND1	0	1	0	1
AXIN2	0	1	0	1
AZI1	0	0	1	0
B3GALT5	0	1	0	1
B3GAT3	0	1	0	1
B3GNT7	0	1	0	1
B4GALT3	0	0	1	0
BABAM1	0	0	0	0
BACE2	0	1	0	1
BACH2	0	1	0	1
BAG3	0	1	0	1
BAG4	0	1	0	1
BAG6	0	0	1	0
BAI1	1	0	0	1
BAI2	0	2	1	2
BAIAP2	1	0	0	1
BAIAP3	0	1	1	1
BANP	0	1	0	1
BARD1	0	0	1	0
BARHL2	0	1	0	1
BAZ1B	0	1	0	1
BAZ2B	1	2	0	3
BBS12	0	1	0	1
BBS2	0	1	0	1
BCAP29	0	1	0	1
BCAS3	0	0	0	0
BCKDHA	0	1	0	1
BCL2L11	0	1	0	1
BCL3	0	1	0	1
BCL7C	0	1	0	1
BCL9	0	2	0	2
BCL9L	0	1	0	1
BCMO1	0	1	1	1
BCOR	2	1	0	3
BCORL1	1	0	1	1
BEND3	0	1	0	1
BHLHB9	1	0	0	1
BHLHE40	0	0	1	0
BICD1	0	2	0	2
BIRC6	0	1	1	1
BLMH	0	0	1	0
BLNK	0	1	0	1
BMP1	0	1	0	1
BMP5	0	2	0	2
BMP6	1	0	0	1
BMPER	1	0	0	1
BMPR2	0	1	0	1
BMS1	0	1	0	1
BOD1L1	0	2	1	2
BOK	0	1	0	1
BPIFC	0	1	0	1
BPTF	0	1	0	1
BRAF	0	3	0	3
BRD2	0	1	0	1
BRD4	0	2	0	2
BRF1	0	1	0	1
BRINP1	0	0	1	0
BRINP3	0	2	0	2
BRIP1	0	1	0	1
BRMS1L	0	1	0	1
BRPF1	0	1	0	1
BRPF3	0	1	0	1
BRSK2	0	0	1	0
BRWD1	0	1	0	1
BRWD3	0	2	0	2
BSG	0	1	0	1
BSN	0	1	0	1
BTBD2	0	0	1	0
BTBD6	0	1	0	1
BTN3A3	0	2	0	2
BUB1	0	1	0	1
BZRAP1	0	1	1	1
C10orf10	0	0	1	0
C10orf105	0	0	0	0
C10ORF68	0	0	1	0
C10orf90	0	1	0	1
C11orf30	0	1	0	1
C11orf57	0	1	0	1
C12orf4	0	0	0	0
C12orf56	0	1	0	1
C13orf35	0	1	0	1
C15orf39	0	1	0	1
C15orf52	0	0	1	0
C17orf47	0	1	0	1
C17orf66	0	0	1	0
C17orf70	0	0	1	0
C18orf63	0	0	1	0
C18orf8	0	1	0	1
C19orf35	0	1	0	1
C19orf40	0	1	0	1
C19orf48	0	0	1	0
C1GALT1	0	0	1	0
C1orf168	0	1	0	1
C1orf173	0	0	1	0
C1orf194	0	1	0	1
C1orf198	1	0	0	1
C1orf65	0	1	0	1
C1orf94	0	1	0	1
C1QTNF2	0	1	0	1
C1RL	0	2	0	2
C20orf112	1	0	0	1
C20orf141	0	0	1	0
C20orf194	0	1	0	1
C20orf26	0	1	0	1
C21orf58	0	0	1	0
C21orf59	0	0	1	0
C21orf62	0	1	0	1
C22orf39	0	1	0	1
C2CD4B	0	0	1	0
C2orf42	0	1	0	1
C2orf43	0	1	0	1
C2orf71	0	0	1	0
C3	1	0	2	1
C3orf70	0	1	0	1
C5orf42	0	1	0	1
C5orf60	0	1	0	1
C6orf120	0	1	0	1
C7orf33	0	1	0	1
C8orf33	0	1	0	1
C8orf58	0	1	0	1
C9orf3	0	0	1	0
C9orf50	0	1	0	1
C9orf64	0	1	0	1
C9orf84	0	1	0	1
CA13	1	0	0	1
CA3	0	1	0	1
CA7	0	0	1	0
CABIN1	0	2	0	2
CACNA1A	1	2	0	3
CACNA1C	0	2	0	2
CACNA1E	0	2	0	2
CACNA1H	0	3	0	3
CACNA1I	0	1	0	1
CACNA2D4	0	1	0	1
CACNG3	0	0	1	0
CACTIN	0	0	0	0
CAD	0	3	0	3
CADM1	0	1	0	1
CADPS	0	1	0	1
CALCRL	0	1	0	1
CALML6	0	1	0	1
CAMK2A	1	0	1	1
CAMSAP1	0	1	0	1
CAND1	0	1	1	1
CAPG	0	1	0	1
CAPN9	0	0	2	0
CAPZB	0	1	0	1
CARD14	1	1	0	2
CARS2	0	0	1	0
CASC1	0	1	0	1
CASC3	0	0	1	0
CASC5	0	1	0	1
CASK	1	0	0	1
CASKIN2	0	1	0	1
CASP8	0	0	1	0
CASP9	0	1	0	1
CASZ1	0	1	3	1
CATSPERB	0	1	0	1
CATSPERG	1	0	0	1
CBL	1	0	1	1
CBLC	0	1	0	1
CBX8	0	1	0	1
CC2D2A	0	1	0	1
CCAR1	0	1	0	1
CCAR2	0	1	0	1
CCDC108	0	0	1	0
CCDC112	0	1	0	1
CCDC113	0	1	0	1
CCDC129	1	3	0	4
CCDC13	0	1	1	1
CCDC132	0	0	1	0
CCDC144NL	0	1	0	1
CCDC154	0	1	0	1
CCDC158	0	1	0	1
CCDC171	0	1	1	1
CCDC180	0	1	0	1
CCDC25	0	0	1	0
CCDC28A	0	0	1	0
CCDC36	0	1	0	1
CCDC39	0	0	1	0
CCDC53	0	1	0	1
CCDC82	0	1	0	1
CCDC85A	0	1	0	1
CCDC86	0	1	0	1
CCDC88A	0	2	0	2
CCDC88B	0	0	1	0
CCDC88C	0	1	0	1
CCDC92	0	1	0	1
CCDC93	0	0	1	0
CCM2	0	1	0	1
CCNB2	0	0	1	0
CCNB3	0	1	0	1
CCND1	0	0	1	0
CCNL1	1	0	1	1
CCR2	1	0	0	1
CCR4	0	1	0	1
CCSER1	1	0	0	1
CCT3	0	1	0	1
CD109	0	1	0	1
CD164	0	1	0	1
CD1C	1	1	0	2
CD2	0	1	0	1
CD244	0	1	0	1
CD300LB	0	1	0	1
CD3EAP	0	1	0	1
CD46	0	1	0	1
CD5	0	1	0	1
CD52	0	0	0	0
CD86	0	1	0	1
CD97	0	1	1	1
CDADC1	0	1	0	1
CDAN1	1	0	0	1
CDC14A	0	1	1	1
CDC27	1	0	0	1
CDC42	0	1	0	1
CDC42BPB	0	1	0	1
CDC42EP3	0	1	0	1
CDC5L	0	0	1	0
CDCP2	0	0	1	0
CDH12	0	1	0	1
CDH13	0	1	0	1
CDH18	0	0	1	0
CDH20	0	1	0	1
CDH24	0	1	0	1
CDH3	0	1	0	1
CDH9	0	1	0	1
CDHR2	0	1	1	1
CDHR4	0	1	0	1
CDK13	1	5	0	6
CDK5	0	0	1	0
CDK5R2	0	1	0	1
CDK5RAP2	0	1	0	1
CDKAL1	0	1	0	1
CDKL2	1	1	0	2
CDKN1A	0	0	1	0
CDKN1B	0	1	0	1
CDKN3	0	1	0	1
CDR1	0	0	1	0
CDR2	0	1	0	1
CDYL2	0	1	1	1
CEACAM16	0	0	1	0
CEACAM21	0	1	0	1
CEBPZ	0	0	1	0
CECR2	0	1	0	1
CELF3	0	1	0	1
CELSR1	0	1	0	1
CELSR2	0	0	1	0
CELSR3	0	1	1	1
CENPE	0	1	0	1
CEP120	0	1	0	1
CEP170	0	1	0	1
CEP170B	0	1	0	1
CEP250	0	1	0	1
CEP290	0	2	1	2
CEP85	0	1	1	1
CEP95	1	0	0	1
CES2	0	1	0	1
CES4A	0	0	1	0
CFH	0	2	0	2
CHAD	0	2	0	2
CHAF1B	0	1	0	1
CHAMP1	1	0	0	1
CHAT	1	0	0	1
CHD1	0	1	0	1
CHD4	0	8	0	8
CHD5	0	1	0	1
CHD7	13	5	0	18
CHL1	0	1	0	1
CHMP4C	0	1	0	1
CHMP7	0	0	1	0
CHORDC1	0	1	0	1
CHRNA2	0	1	0	1
CHRNB4	0	1	0	1
CHRNE	0	1	0	1
CHST5	0	0	1	0
CHST9	0	0	1	0
CHSY1	0	2	0	2
CIDEB	0	0	1	0
CIT	0	1	1	1
CKAP2	0	0	1	0
CLASP2	0	1	0	1
CLASRP	0	0	0	0
CLCN7	0	1	0	1
CLDN4	0	1	0	1
CLDND1	0	0	1	0
CLIP3	0	1	0	1
CLK1	0	1	0	1
CLK3	0	1	0	1
CLNK	0	1	0	1
CLPB	0	0	2	0
CLPTM1	0	1	0	1
CLSTN1	0	1	0	1
CLSTN3	0	1	0	1
CLTA	0	1	0	1
CLTCL1	0	1	0	1
CLU	0	0	1	0
CLUH	0	2	0	2
CLVS1	0	0	1	0
CMPK2	0	0	1	0
CMSS1	0	1	0	1
CNBD2	0	0	1	0
CNDP1	0	1	1	1
CNGA2	0	1	0	1
CNGA3	0	1	0	1
CNGB1	0	0	1	0
CNKSR1	0	1	0	1
CNKSR3	0	0	1	0
CNN1	0	1	0	1
CNOT1	1	0	0	1
CNOT3	0	1	0	1
CNOT6	0	1	0	1
CNPPD1	0	0	1	0
CNPY4	0	1	0	1
CNTF	0	1	0	1
CNTLN	0	1	0	1
CNTN2	0	1	0	1
CNTN6	0	1	1	1
COBLL1	0	1	0	1
COG2	0	1	0	1
COL11A2	0	1	0	1
COL15A1	1	2	0	3
COL16A1	0	1	0	1
COL1A2	0	0	1	0
COL20A1	0	1	2	1
COL23A1	1	0	0	1
COL4A1	0	1	0	1
COL4A2	0	1	1	1
COL4A3	1	0	0	1
COL4A3BP	0	1	0	1
COL5A3	0	1	0	1
COL6A6	0	2	0	2
COL7A1	0	1	0	1
COL8A2	1	0	0	1
COLEC11	0	0	1	0
COLGALT1	0	2	0	2
COLGALT2	0	1	0	1
COLQ	0	0	0	0
COPA	0	1	0	1
COPB2	1	1	0	2
COPE	0	0	1	0
COPG1	0	1	0	1
COPG2	0	0	1	0
COPS2	0	0	1	0
COPZ2	0	1	0	1
COQ3	0	1	0	1
CORIN	0	1	0	1
CORO2B	0	1	0	1
COX15	0	1	0	1
COX18	1	0	0	1
COX7A2L	0	1	0	1
CPA2	0	1	0	1
CPA3	0	1	0	1
CPD	0	2	0	2
CPEB2	0	1	0	1
CPED1	1	0	0	1
CPNE2	0	0	1	0
CPNE4	1	0	0	1
CPNE7	0	0	1	0
CPOX	0	1	0	1
CPSF1	0	2	0	2
CPSF3L	0	0	0	0
CPSF4L	0	1	0	1
CPSF7	0	1	0	1
CPT1A	0	1	0	1
CPT2	0	0	1	0
CR1L	0	1	0	1
CR2	0	1	0	1
CRAMP1L	0	2	0	2
CRB1	0	1	0	1
CRB2	0	1	0	1
CREB1	0	1	0	1
CREB5	0	1	0	1
CREBBP	2	0	0	2
CREBRF	0	1	0	1
CREBZF	0	0	0	0
CRHR1	0	1	0	1
CRIM1	0	2	0	2
CRLF3	0	1	0	1
CRNN	0	1	0	1
CRTC1	0	1	0	1
CRTC3	0	0	1	0
CRYAA	0	1	0	1
CSF1	0	0	1	0
CSF2RB	0	0	1	0
CSK	0	1	0	1
CSMD1	0	0	1	0
CSMD3	1	0	0	1
CSNK2A1	0	1	0	1
CSNK2A3	0	1	0	1
CSNK2B	0	1	0	1
CST4	0	1	0	1
CSTF2T	0	1	0	1
CTAGE1	0	1	0	1
CTBP2	1	0	0	1
CTCF	0	3	0	3
CTCFL	0	1	0	1
CTDSP1	1	0	0	1
CTDSPL2	0	2	0	2
CTNNA1	0	2	0	2
CTNNB1	2	0	0	2
CTNNBIP1	1	0	0	1
CTNND1	1	1	0	2
CTR9	1	1	0	2
CTRB1	0	1	0	1
CTSK	0	1	0	1
CTSZ	1	0	0	1
CTTNBP2	0	1	0	1
CTU2	0	1	0	1
CUL1	0	1	0	1
CUL3	1	1	0	2
CUL4B	0	1	0	1
CUX2	0	1	1	1
CUZD1	0	1	0	1
CXorf30	0	1	0	1
CXorf36	0	1	0	1
CYFIP1	0	1	0	1
CYFIP2	0	1	0	1
CYHR1	0	0	1	0
CYP11A1	0	1	0	1
CYP21A2	1	1	0	2
CYP26A1	0	1	0	1
CYP26B1	0	0	2	0
CYP26C1	0	1	0	1
CYP27C1	0	2	0	2
CYP2A6	0	0	1	0
CYP2C9	1	0	0	1
CYP2J2	0	1	0	1
CYP2U1	0	1	0	1
CYP3A4	0	1	0	1
CYP4F11	0	1	0	1
CYP7B1	0	0	1	0
DAAM1	0	1	0	1
DALRD3	0	1	0	1
DAPK3	0	1	1	1
DARS	1	0	0	1
DAZAP1	1	0	0	1
DBF4B	0	1	0	1
DBR1	0	0	1	0
DCAF12L2	0	1	0	1
DCAF4	0	1	0	1
DCAF8	1	0	0	1
DCHS1	0	2	0	2
DCHS2	0	2	2	2
DCLK1	0	1	0	1
DCLRE1C	0	0	0	0
DCST1	0	0	1	0
DCX	0	0	1	0
DCXR	0	1	0	1
DDB1	0	2	0	2
DDIT3	0	1	0	1
DDO	0	1	0	1
DDR2	0	1	0	1
DDX1	0	1	0	1
DDX10	0	2	0	2
DDX17	0	0	1	0
DDX19A	0	1	0	1
DDX23	0	1	0	1
DDX3X	1	4	0	5
DDX41	0	0	1	0
DDX5	0	0	1	0
DDX51	0	1	0	1
DDX59	0	1	0	1
DDX60	0	1	1	1
DDX60L	1	1	1	2
DEF8	0	1	0	1
DEFB128	0	1	0	1
DENND2A	0	1	0	1
DENND2C	0	2	1	2
DENND3	0	0	1	0
DENND5A	0	1	0	1
DFFB	0	1	0	1
DGCR2	0	1	0	1
DGKA	0	1	0	1
DGKD	0	1	1	1
DGUOK	0	2	0	2
DHDH	0	1	0	1
DHX32	0	1	0	1
DHX33	0	0	1	0
DHX35	0	1	0	1
DHX36	0	0	1	0
DHX38	0	2	1	2
DHX57	0	0	1	0
DHX58	0	1	0	1
DHX8	0	1	1	1
DHX9	1	0	0	1
DIAPH3	0	3	0	3
DIDO1	0	3	2	3
DIP2A	0	0	1	0
DIP2C	0	2	1	2
DISC1	0	0	0	0
DISP1	0	1	0	1
DLC1	0	1	1	1
DLD	0	2	0	2
DLEC1	0	2	0	2
DLG2	0	1	0	1
DLGAP5	0	1	0	1
DLL4	0	1	0	1
DMBT1	0	1	0	1
DMBX1	0	1	0	1
DMWD	0	1	1	1
DMXL1	0	2	1	2
DMXL2	0	2	0	2
DNAH10	0	2	0	2
DNAH12	0	2	0	2
DNAH14	0	1	0	1
DNAH17	0	4	1	4
DNAH5	0	0	1	0
DNAH6	0	2	0	2
DNAH8	0	1	0	1
DNAH9	0	1	1	1
DNAJB1	1	0	0	1
DNAJB7	0	1	0	1
DNAJC1	0	0	1	0
DNAJC13	1	1	0	2
DNAJC28	0	0	1	0
DNAJC3	1	0	0	1
DNAJC5B	0	1	0	1
DNER	0	1	0	1
DNM1	0	0	1	0
DNM1L	1	0	0	1
DNM3	0	1	0	1
DNMT3A	0	1	0	1
DOCK10	1	0	0	1
DOCK11	0	0	1	0
DOCK2	0	1	0	1
DOCK3	1	0	0	1
DOCK4	0	2	0	2
DOCK6	0	0	1	0
DOCK9	0	1	0	1
DOK2	0	0	1	0
DOK4	0	1	0	1
DOPEY1	1	0	0	1
DPF1	0	0	1	0
DPF2	0	1	0	1
DPF3	0	1	0	1
DPH6	0	0	1	0
DPH7	0	1	0	1
DPP9	0	0	1	0
DPT	0	1	0	1
DPY19L1	0	1	0	1
DPYD	0	1	0	1
DPYSL5	0	1	0	1
DROSHA	0	1	0	1
DSC1	0	1	0	1
DSCAML1	0	6	0	6
DSE	0	1	0	1
DSEL	0	1	0	1
DSG2	0	1	0	1
DSP	0	1	0	1
DST	0	1	0	1
DSTYK	0	1	0	1
DTD2	0	1	0	1
DTHD1	0	1	0	1
DTNA	0	1	0	1
DTX1	0	1	0	1
DTX3L	0	1	0	1
DUS1L	0	1	0	1
DUS3L	0	1	0	1
DUSP23	0	1	0	1
DUSP27	0	1	0	1
DUSP8	0	1	0	1
DUXA	0	0	1	0
DVL1	0	1	0	1
DVL2	0	1	0	1
DVL3	0	1	0	1
DYNC1LI1	1	0	0	1
DYNC2H1	0	0	1	0
DYRK1A	3	1	0	4
DYX1C1	0	1	0	1
DZANK1	0	0	1	0
DZIP1	0	1	1	1
E4F1	0	1	0	1
EBF2	0	1	0	1
ECE1	0	1	0	1
ECE2	0	1	0	1
ECHDC3	0	0	1	0
ECI1	0	1	0	1
EDC4	0	1	0	1
EDEM1	0	1	0	1
EDN3	0	1	0	1
EDNRA	1	0	0	1
EEA1	1	0	0	1
EEF1A2	0	1	0	1
EEF2	0	2	0	2
EEPD1	0	3	0	3
EFCAB13	0	0	1	0
EFEMP2	0	0	0	0
EFHB	0	1	0	1
EFHD2	0	1	0	1
EFNB3	0	1	0	1
EFR3A	1	1	0	2
EGFL7	1	0	0	1
EGR1	0	1	0	1
EHBP1	0	1	1	1
EHMT1	1	1	0	2
EHMT2	0	0	1	0
EIF2AK1	0	0	1	0
EIF2AK4	0	1	0	1
EIF2S3L	0	0	0	0
EIF3D	0	1	0	1
EIF3H	0	1	0	1
EIF3L	0	0	1	0
EIF4A2	1	0	0	1
EIF4A3	0	0	1	0
EIF4E2	0	0	1	0
EIF4G1	0	0	1	0
EIF4G2	1	0	0	1
EIF4G3	0	1	0	1
EIF5A	0	1	0	1
EIF5B	1	0	0	1
ELAC2	0	2	0	2
ELFN2	0	2	0	2
ELL2	1	0	0	1
ELMO2	0	2	0	2
ELN	2	0	0	2
ELOF1	0	1	0	1
ELOVL6	0	1	0	1
ELP2	0	1	0	1
ELP3	0	1	0	1
ELP4	0	0	1	0
ELTD1	0	0	1	0
EMC1	0	1	0	1
EML3	0	1	0	1
EML5	0	1	0	1
EML6	0	2	0	2
EMR1	0	1	0	1
ENAH	0	0	0	0
ENG	0	1	0	1
ENKD1	0	1	0	1
ENPP2	0	1	0	1
ENPP5	0	1	0	1
ENTPD3	0	1	0	1
EOMES	0	0	1	0
EP300	2	2	0	4
EP400	1	1	0	2
EPAS1	0	0	1	0
EPB41L4A	1	0	1	1
EPDR1	0	1	0	1
EPHA1	0	1	1	1
EPHA4	0	1	0	1
EPHA7	1	0	0	1
EPN3	0	1	0	1
EPPK1	0	2	0	2
EPS8L1	0	1	0	1
EPS8L2	0	1	0	1
EPT1	0	1	0	1
EPYC	0	0	1	0
EQTN	0	0	1	0
ERBB2	0	1	1	1
ERBB2IP	0	1	0	1
ERBB3	0	1	1	1
ERBB4	0	0	1	0
ERCC3	0	1	0	1
ERCC5	0	2	0	2
ERCC6-PGBD3	0	1	0	1
ERF	0	1	0	1
ERI1	0	1	0	1
ERI2	0	1	0	1
ERLIN2	0	1	0	1
ERP29	0	1	0	1
ERRFI1	0	1	0	1
ERVMER34-1	0	1	0	1
ESAM	0	1	0	1
ESPL1	0	0	1	0
ESRP2	0	1	0	1
ETFDH	0	0	1	0
ETNPPL	0	0	1	0
ETS1	1	0	0	1
ETS2	0	0	1	0
ETV3L	0	0	1	0
EVC	0	0	1	0
EVI2B	1	0	0	1
EVPL	0	0	1	0
EVX1	0	1	0	1
EXD3	0	1	0	1
EXOC1	0	1	0	1
EXOC2	0	0	1	0
EXOC4	0	0	1	0
EXOC8	0	0	1	0
EXOSC4	0	1	0	1
EXPH5	0	0	1	0
EXT2	0	1	0	1
EXTL1	0	1	0	1
EXTL3	0	1	0	1
EYA1	1	0	0	1
EYS	0	1	0	1
EZH1	0	1	0	1
EZR	0	2	0	2
F2RL2	0	1	0	1
F2RL3	0	1	0	1
FA2H	0	0	0	0
FABP2	0	1	0	1
FADS3	0	1	0	1
FAM101A	0	1	0	1
FAM109B	0	0	1	0
FAM110B	0	1	0	1
FAM111A	0	0	1	0
FAM124A	0	1	0	1
FAM124B	0	1	0	1
FAM129C	0	0	0	0
FAM134A	1	0	0	1
FAM135A	0	3	0	3
FAM135B	0	1	0	1
FAM149B1	0	1	0	1
FAM161A	0	1	0	1
FAM171B	0	1	0	1
FAM174B	0	1	0	1
FAM175A	0	0	1	0
FAM178A	0	2	0	2
FAM179B	0	1	0	1
FAM188A	0	1	0	1
FAM194A	0	1	0	1
FAM196B	0	1	0	1
FAM200A	1	0	0	1
FAM208B	0	1	0	1
FAM217B	0	1	0	1
FAM21C	0	1	0	1
FAM222A	0	0	1	0
FAM3D	0	0	1	0
FAM46A	1	0	0	1
FAM65C	0	1	0	1
FAM71C	0	1	0	1
FAM72A	1	0	0	1
FAM73A	0	1	0	1
FAM76A	0	1	0	1
FAM83G	0	1	0	1
FAM83H	0	1	0	1
FAM84A	1	0	0	1
FAM89A	0	1	0	1
FAM8A1	0	1	0	1
FAN1	0	1	0	1
FANCF	0	0	1	0
FANCM	1	0	0	1
FARSB	0	1	0	1
FASN	0	0	0	0
FAT1	0	0	1	0
FAT2	1	0	0	1
FAT3	0	1	0	1
FAT4	0	3	0	3
FAXC	0	1	0	1
FBN1	0	3	1	3
FBN2	0	1	1	1
FBN3	0	2	0	2
FBXO10	0	2	0	2
FBXO11	0	1	0	1
FBXO16	0	1	0	1
FBXO21	0	1	0	1
FBXO31	0	1	0	1
FBXO4	0	1	0	1
FBXO8	0	1	0	1
FCAR	1	0	0	1
FCGBP	0	0	1	0
FCHO1	0	1	1	1
FCHSD1	0	1	1	1
FCN3	0	0	1	0
FEM1A	0	0	1	0
FEM1B	0	0	1	0
FERMT1	0	1	0	1
FERMT2	0	1	0	1
FEZ1	1	1	0	2
FEZ2	1	0	0	1
FGF12	0	1	0	1
FGF14	0	1	1	1
FGF6	0	0	1	0
FGF8	0	0	1	0
FGFR2	0	2	0	2
FGFR3	0	1	0	1
FGFR4	0	1	0	1
FHL3	0	1	0	1
FIG4	0	1	0	1
FIGF	0	1	0	1
FIGN	1	0	0	1
FILIP1L	0	1	0	1
FIP1L1	0	1	0	1
FKBP1B	0	0	1	0
FKBP8	0	0	1	0
FKBP9	0	0	1	0
FLG	0	1	0	1
FLII	0	2	0	2
FLNC	0	1	0	1
FLOT2	1	0	0	1
FLRT3	0	1	0	1
FLT1	1	0	0	1
FLT3	0	1	1	1
FLT4	2	1	0	3
FLYWCH1	0	1	0	1
FMN1	0	2	1	2
FMNL1	1	0	0	1
FMO5	0	0	0	0
FN1	0	1	0	1
FN3K	1	1	1	2
FNBP4	0	0	1	0
FNDC1	0	1	0	1
FNDC3A	0	1	1	1
FNDC3B	0	0	1	0
FNIP1	0	0	1	0
FOXA2	0	1	0	1
FOXC1	0	1	0	1
FOXD1	0	1	0	1
FOXI1	0	1	0	1
FOXK1	0	1	0	1
FOXK2	0	1	2	1
FOXM1	1	0	1	1
FOXP1	2	1	0	3
FOXP2	0	1	0	1
FOXP4	0	1	0	1
FOXR1	0	1	0	1
FOXRED1	0	1	0	1
FRAS1	0	1	0	1
FREM2	0	1	0	1
FRMD3	0	1	0	1
FRMD5	0	1	0	1
FRMPD2	0	1	0	1
FRY	1	0	1	1
FRYL	3	0	0	3
FRZB	0	1	0	1
FSIP1	0	1	0	1
FTSJ2	0	1	0	1
FTSJ3	1	0	0	1
FUK	1	0	0	1
FUT9	0	0	1	0
FZD3	0	1	0	1
FZD8	0	1	0	1
G6PC	0	0	1	0
GAB3	0	1	0	1
GABRG3	0	1	0	1
GABRP	0	1	0	1
GAD1	0	1	0	1
GALK1	0	1	0	1
GALNT11	0	1	0	1
GALNT14	0	0	1	0
GALNT9	0	1	0	1
GAN	0	2	0	2
GANAB	1	1	0	2
GARNL3	0	1	1	1
GART	0	1	0	1
GAS2L2	0	1	0	1
GATA3	0	1	0	1
GATA4	1	0	0	1
GATA6	3	2	0	5
GATAD2B	1	0	0	1
GBF1	0	0	1	0
GBP5	0	1	0	1
GC	0	1	0	1
GCDH	0	1	0	1
GCN1L1	0	1	0	1
GCNT3	0	1	0	1
GDA	0	1	0	1
GDNF	0	1	0	1
GDPD4	0	1	0	1
GEMIN4	0	0	1	0
GFI1B	0	2	0	2
GGA3	0	1	0	1
GGN	0	1	0	1
GGT6	0	0	2	0
GIGYF1	0	1	0	1
GIMAP6	0	0	1	0
GIT1	0	0	2	0
GJA1	0	1	0	1
GJA10	0	1	0	1
GLA	1	0	0	1
GLCCI1	0	0	1	0
GLIPR1L2	0	0	1	0
GLIS1	0	1	0	1
GLIS3	0	2	0	2
GLTSCR1	1	0	0	1
GLUL	0	1	0	1
GLYAT	0	1	0	1
GLYR1	0	1	0	1
GNA15	0	1	0	1
GNAI3	1	0	0	1
GNAO1	0	0	0	0
GNAT3	0	1	0	1
GNB1	0	1	0	1
GNB2	0	1	0	1
GNE	0	1	0	1
GNG12	0	0	1	0
GNPAT	0	1	0	1
GNPDA2	0	1	0	1
GNPTAB	0	1	0	1
GOLGA3	0	1	0	1
GOLGA5	0	2	0	2
GON4L	0	0	1	0
GOPC	0	1	0	1
GORAB	0	0	0	0
GORASP1	0	1	0	1
GOSR1	0	1	0	1
GOSR2	1	0	0	1
GPAM	0	1	0	1
GPATCH1	0	1	0	1
GPATCH8	0	2	0	2
GPBAR1	1	1	0	2
GPHN	0	1	1	1
GPN3	0	0	1	0
GPR1	0	1	0	1
GPR116	0	2	0	2
GPR124	0	1	0	1
GPR125	0	1	1	1
GPR126	0	1	0	1
GPR135	0	0	1	0
GPR150	1	0	0	1
GPR151	0	0	1	0
GPR156	0	1	0	1
GPR158	0	0	1	0
GPR162	0	1	0	1
GPR182	0	1	0	1
GPR20	0	3	0	3
GPR35	0	1	0	1
GPR50	0	0	1	0
GPR98	0	5	0	5
GPRC5B	0	3	0	3
GPRC5C	0	2	0	2
GPS1	0	1	0	1
GPSM2	1	0	0	1
GPT	0	1	0	1
GPT2	0	1	0	1
GRAMD1C	0	0	1	0
GRAMD4	0	1	0	1
GREB1L	1	0	0	1
GRHL2	1	0	0	1
GRIA4	0	1	0	1
GRIK1	1	0	0	1
GRIK3	0	2	0	2
GRIK4	0	0	1	0
GRIN2B	0	0	1	0
GRIN2C	0	1	1	1
GRINA	1	0	0	1
GRIP1	0	0	1	0
GRM2	0	1	0	1
GRM5	0	1	0	1
GRM6	0	0	1	0
GRSF1	1	0	0	1
GSE1	0	1	0	1
GSN	0	0	1	0
GSPT1	0	1	0	1
GSPT2	0	0	1	0
GTDC1	0	1	0	1
GTF2H1	0	0	0	0
GTF2H3	0	1	0	1
GTF2IRD1	0	2	0	2
GTF3A	0	0	1	0
GTF3C1	0	1	0	1
GTPBP1	0	1	0	1
GTPBP4	1	0	0	1
GUCY1A3	0	1	0	1
GUCY1B3	0	0	1	0
GYLTL1B	0	1	0	1
GZF1	0	0	1	0
H2BFM	0	1	0	1
H3F3A	0	1	0	1
HAO2	0	1	0	1
HAP1	0	1	0	1
HAPLN4	0	1	0	1
HAS3	0	0	1	0
HAUS3	0	2	0	2
HCAR3	0	0	1	0
HCFC1	0	1	1	1
HDAC11	0	0	1	0
HDAC7	1	1	0	2
HDAC8	1	1	0	2
HDDC3	0	1	0	1
HDLBP	0	0	1	0
HECTD1	1	1	0	2
HECTD3	0	1	0	1
HECTD4	0	2	0	2
HELQ	0	1	0	1
HELZ	0	1	0	1
HEPACAM	0	2	0	2
HEPACAM2	0	1	0	1
HEPH	0	0	1	0
HERC1	0	1	0	1
HERC2	0	1	0	1
HERC4	1	0	0	1
HEXDC	0	0	1	0
HEY1	0	1	0	1
HEY2	0	1	0	1
HGS	0	1	0	1
HHIP	1	0	0	1
HHIPL2	0	0	1	0
HHLA3	1	0	0	1
HID1	0	1	0	1
HIP1	0	1	1	1
HIP1R	0	3	0	3
HIRA	1	0	1	1
HIST1H2BB	0	0	1	0
HIST1H2BG	0	1	0	1
HIST1H4C	0	1	0	1
HIVEP1	0	0	1	0
HIVEP2	0	4	1	4
HIVEP3	0	1	0	1
HK1	1	0	0	1
HK2	0	1	0	1
HK3	0	0	1	0
HKR1	0	1	0	1
HLTF	0	1	0	1
HMCN1	0	4	0	4
HMMR	0	1	0	1
HMX3	0	0	1	0
HNF4A	0	1	1	1
HNRNPA1L2	0	1	0	1
HNRNPF	0	0	1	0
HNRNPK	2	0	0	2
HNRNPU	1	1	0	2
HOXA10	0	1	0	1
HOXA7	0	1	0	1
HOXD10	0	1	0	1
HPS3	0	1	0	1
HPS5	0	0	1	0
HR	0	1	1	1
HRH1	0	0	1	0
HSD11B1	0	1	0	1
HSD17B4	0	1	0	1
HSD3B2	0	1	0	1
HSF2BP	0	1	0	1
HSH2D	0	1	0	1
HSP90AA1	0	2	0	2
HSP90B1	0	0	2	0
HSPA8	0	1	0	1
HSPG2	0	2	0	2
HTATSF1	0	1	0	1
HTR5A	0	1	0	1
HUWE1	0	1	0	1
HYAL1	0	1	0	1
HYAL4	0	1	0	1
HYDIN	0	1	0	1
IAPP	1	1	0	2
IARS	0	1	0	1
IARS2	0	0	1	0
ICA1L	0	1	0	1
IDH3B	0	1	0	1
IDH3G	0	1	0	1
IDI2	0	1	0	1
IFITM2	0	0	1	0
IFNA4	0	1	0	1
IFNGR2	0	1	0	1
IFNK	1	0	0	1
IFRD2	0	1	0	1
IFT140	0	1	1	1
IFT172	0	0	1	0
IGDCC4	0	1	0	1
IGF1R	0	1	0	1
IGF2BP2	0	1	0	1
IGF2R	0	3	0	3
IGHMBP2	0	1	0	1
IGSF10	0	1	0	1
IGSF21	0	0	0	0
IGSF22	0	0	1	0
IGSF8	0	0	1	0
IK	0	1	0	1
IKZF1	0	1	0	1
IKZF2	0	1	0	1
IKZF4	0	1	0	1
IKZF5	0	1	0	1
IL11	1	0	0	1
IL11RA	0	1	0	1
IL12RB1	0	1	0	1
IL12RB2	0	2	0	2
IL17RC	0	0	1	0
IL19	0	1	0	1
IL1RAP	0	1	0	1
IL1RL2	0	1	0	1
IL21R	0	1	0	1
IL2RB	0	1	0	1
IL31RA	0	1	0	1
IL3RA	1	0	0	1
ILK	0	0	1	0
IMMP1L	0	1	0	1
IMPACT	0	1	0	1
IMPDH1	0	1	1	1
IMPDH2	0	1	0	1
IMPG2	0	0	1	0
ING3	0	0	1	0
ING5	0	1	0	1
INPP4B	0	1	0	1
INPP5A	0	0	1	0
INPP5D	0	1	0	1
INPP5E	0	1	0	1
INPP5F	1	0	0	1
INSC	0	1	0	1
INTS1	0	0	1	0
INTS2	0	0	1	0
INTS6	0	1	0	1
IPMK	0	0	1	0
IPO4	0	1	0	1
IPO8	0	1	0	1
IPO9	0	1	0	1
IPP	0	1	0	1
IQCB1	1	0	0	1
IQCH	0	0	0	0
IQGAP1	0	2	0	2
IRF2BPL	0	1	0	1
IRF5	0	1	0	1
IRF7	0	0	1	0
IRGQ	0	0	1	0
ITGA1	0	1	0	1
ITGA4	0	1	1	1
ITGA7	0	1	0	1
ITGA9	0	0	1	0
ITGAE	0	1	0	1
ITGB4	0	1	1	1
ITGB7	0	1	0	1
ITK	0	1	0	1
ITM2A	0	1	0	1
ITPR1	0	2	0	2
ITPR3	0	2	0	2
ITPRIPL1	0	1	0	1
ITSN1	0	1	0	1
ITSN2	0	2	0	2
IVNS1ABP	1	0	0	1
IWS1	0	0	1	0
JAG1	2	2	0	4
JAG2	0	1	0	1
JAKMIP2	0	1	0	1
JAKMIP3	0	0	1	0
JDP2	0	1	0	1
JMJD1C	0	2	1	2
JMJD7-PLA2G4B	0	1	0	1
JPH2	0	1	0	1
JPH3	0	1	0	1
JUP	0	1	0	1
KALRN	0	1	0	1
KANK1	0	1	0	1
KANK4	0	0	1	0
KANSL1	2	0	0	2
KANSL3	0	1	0	1
KARS	0	1	0	1
KAT2B	0	2	0	2
KAT5	0	1	0	1
KAT6A	3	1	0	4
KAT6B	2	0	0	2
KBTBD12	0	1	0	1
KBTBD13	0	0	1	0
KCNA10	0	0	1	0
KCNA3	1	0	0	1
KCNA4	0	1	0	1
KCNB2	0	0	1	0
KCNC4	0	1	0	1
KCNH3	0	1	0	1
KCNH5	0	1	0	1
KCNH6	0	1	0	1
KCNIP4	0	0	1	0
KCNJ11	0	0	1	0
KCNJ12	0	1	0	1
KCNJ14	0	1	0	1
KCNJ15	0	1	0	1
KCNJ16	0	1	0	1
KCNJ4	0	0	1	0
KCNJ5	1	0	0	1
KCNJ8	0	1	1	1
KCNK4	0	1	0	1
KCNMA1	0	1	0	1
KCNMB1	0	1	0	1
KCNN3	0	1	0	1
KCNQ1	0	2	0	2
KCNQ2	0	2	1	2
KCNU1	0	0	1	0
KCTD20	0	1	0	1
KCTD5	0	0	1	0
KCTD9	0	1	0	1
KDM3A	0	1	0	1
KDM3B	0	0	2	0
KDM4B	0	0	2	0
KDM4E	0	1	0	1
KDM5A	0	3	0	3
KDM5B	4	0	0	4
KDM6A	0	1	0	1
KDM6B	1	0	0	1
KHDC1L	0	0	1	0
KHSRP	0	0	1	0
KIAA0100	1	0	0	1
KIAA0196	0	3	0	3
KIAA0355	0	1	0	1
KIAA0368	0	1	0	1
KIAA0408	0	0	1	0
KIAA0430	1	1	0	2
KIAA0513	0	1	0	1
KIAA0753	0	1	0	1
KIAA0947	0	0	1	0
KIAA1009	0	1	0	1
KIAA1107	0	0	1	0
KIAA1109	0	3	1	3
KIAA1161	0	1	0	1
KIAA1211	0	1	0	1
KIAA1211L	1	0	0	1
KIAA1217	0	0	1	0
KIAA1324	0	1	0	1
KIAA1456	1	0	1	1
KIAA1549	0	1	1	1
KIAA1598	0	1	0	1
KIAA1715	0	1	0	1
KIAA1958	0	1	0	1
KIF11	1	0	0	1
KIF14	0	1	0	1
KIF15	0	2	0	2
KIF16B	0	1	0	1
KIF1A	0	0	1	0
KIF22	0	0	1	0
KIF24	0	1	0	1
KIF26A	0	1	0	1
KIF5A	0	1	0	1
KIF5B	0	2	0	2
KIF5C	0	1	0	1
KIF6	0	1	0	1
KIFC2	0	0	1	0
KIRREL3	0	0	0	0
KIT	0	0	1	0
KLC3	0	1	0	1
KLF12	0	0	1	0
KLF2	0	1	0	1
KLF4	0	1	0	1
KLF5	0	0	1	0
KLHDC1	0	0	1	0
KLHDC2	0	0	1	0
KLHDC4	0	1	1	1
KLHL17	0	1	0	1
KLHL23	1	0	0	1
KLHL29	0	1	0	1
KLHL5	0	1	0	1
KLK4	0	1	0	1
KLRB1	1	0	0	1
KMT2A	5	2	0	7
KMT2B	1	1	1	2
KMT2C	1	1	1	2
KMT2D	14	4	0	18
KNDC1	0	1	1	1
KNOP1	1	0	0	1
KPNA1	0	1	0	1
KPNA5	0	0	1	0
KPNB1	0	1	0	1
KRBA1	0	2	0	2
KRBA2	1	0	0	1
KRI1	0	0	2	0
KRT1	0	1	0	1
KRT13	0	2	0	2
KRT15	0	1	0	1
KRT20	0	1	0	1
KRT3	0	1	0	1
KRT32	0	0	1	0
KRT74	0	1	1	1
KRT8	0	0	1	0
KRT84	0	0	1	0
KRTAP20-1	0	1	0	1
KSR2	0	1	0	1
L3HYPDH	0	0	1	0
LAMA1	0	1	0	1
LAMA3	0	0	1	0
LAMA5	0	2	0	2
LAMB1	0	2	0	2
LAMB2	0	1	1	1
LAMB4	1	0	0	1
LAMC1	0	3	1	3
LAMP5	0	1	0	1
LARP1	0	1	0	1
LARP4	0	1	0	1
LARP7	0	1	0	1
LARS2	0	1	0	1
LATS1	0	1	0	1
LBR	0	0	0	0
LBX1	0	1	0	1
LCA5L	0	2	0	2
LCE1D	0	0	1	0
LCE4A	0	1	0	1
LCP1	1	0	0	1
LDB1	0	0	1	0
LDHA	0	1	0	1
LDLR	0	1	0	1
LDLRAP1	0	1	0	1
LEF1	0	1	0	1
LEKR1	0	1	0	1
LENG1	0	1	0	1
LENG9	0	1	0	1
LEPROTL1	0	0	1	0
LGALS4	0	1	0	1
LGR5	0	0	1	0
LGR6	1	0	0	1
LHX2	1	0	0	1
LIFR	0	0	1	0
LIG1	1	0	0	1
LIG3	0	0	0	0
LIG4	0	1	0	1
LILRB5	0	1	0	1
LIMS2	0	1	1	1
LIN7A	0	0	1	0
LINC00283	0	0	0	0
LIPJ	1	0	1	1
LIPT2	0	1	0	1
LLGL1	0	1	0	1
LMAN1	0	1	0	1
LMBRD2	0	1	0	1
LMF2	0	1	0	1
LMLN	0	0	0	0
LMTK2	0	0	1	0
LNX1	0	1	0	1
LONRF1	0	1	0	1
LOXHD1	0	1	1	1
LOXL2	0	1	0	1
LOXL3	0	1	0	1
LPA	0	1	0	1
LPAR1	0	0	1	0
LPHN1	0	1	0	1
LPHN3	0	2	1	2
LPIN2	0	1	0	1
LPIN3	0	1	0	1
LPPR3	0	1	0	1
LRAT	0	0	1	0
LRBA	0	1	1	1
LRCH1	0	1	0	1
LRCH4	0	1	0	1
LRIG2	0	1	0	1
LRIT2	0	0	1	0
LRP1	0	2	0	2
LRP1B	0	3	0	3
LRP2	1	2	0	3
LRP5	0	0	1	0
LRP5L	0	1	0	1
LRP6	0	1	0	1
LRPPRC	0	1	0	1
LRRC15	0	2	0	2
LRRC16A	0	0	1	0
LRRC32	0	2	0	2
LRRC37B	0	1	0	1
LRRC4	0	1	0	1
LRRC42	0	1	0	1
LRRC43	0	1	1	1
LRRC45	0	1	0	1
LRRC46	1	0	0	1
LRRC4C	0	1	1	1
LRRC66	0	1	0	1
LRRC7	0	1	0	1
LRRC71	0	0	1	0
LRRC8D	0	0	1	0
LRRFIP1	0	0	0	0
LRRIQ3	0	1	0	1
LRRK1	0	1	1	1
LRTM2	0	1	0	1
LTBP1	0	1	0	1
LTK	0	1	0	1
LTV1	0	0	1	0
LYN	0	1	0	1
LYPLA2	0	0	1	0
LYSMD2	0	1	0	1
LYST	0	1	0	1
LZTR1	0	3	0	3
LZTS1	0	2	0	2
LZTS2	0	1	0	1
MACF1	0	1	0	1
MAGEA12	0	1	0	1
MAGEC1	0	0	1	0
MAGEC3	0	1	0	1
MAGEE1	0	1	1	1
MAGEF1	0	1	0	1
MAGI2	0	0	1	0
MAK16	0	1	0	1
MALSU1	0	1	0	1
MAMDC4	0	1	0	1
MAML2	0	1	0	1
MAN2A2	0	1	0	1
MAN2C1	0	1	0	1
MAP10	0	2	0	2
MAP1B	0	1	0	1
MAP1LC3B	0	1	0	1
MAP1S	1	0	0	1
MAP2	1	3	0	4
MAP2K7	0	1	0	1
MAP3K19	1	0	0	1
MAP3K3	1	0	0	1
MAP3K7	0	2	0	2
MAP3K7CL	0	0	1	0
MAP3K9	0	1	0	1
MAP4	0	0	0	0
MAP4K4	0	1	0	1
MAP6	0	0	1	0
MAP7D1	0	1	0	1
MAP7D2	0	1	0	1
MAP9	0	1	0	1
MAPK15	0	1	0	1
MAPK8IP2	0	0	1	0
MAPK8IP3	0	1	0	1
MAPK9	0	0	1	0
MAPKBP1	0	0	1	0
MAPRE2	0	1	0	1
MAPT	0	0	1	0
MARCH2	0	1	0	1
MARCH5	0	1	0	1
MASP1	0	0	1	0
MAST2	0	2	0	2
MAST3	0	1	0	1
MASTL	0	3	0	3
MATK	0	0	1	0
MATN1	0	1	0	1
MATN2	1	0	0	1
MAVS	1	1	0	2
MBOAT2	0	1	0	1
MBOAT7	0	0	1	0
MCFD2	1	0	0	1
MCM6	0	1	0	1
MDC1	0	1	0	1
MDN1	0	1	0	1
MEA1	1	0	0	1
MECOM	0	1	0	1
MED12	1	0	0	1
MED12L	0	1	0	1
MED13	0	1	0	1
MED13L	2	2	0	4
MED20	1	0	0	1
MED24	0	1	1	1
MEF2BNB	0	1	0	1
MEGF6	0	1	0	1
MEIS2	2	0	0	2
MEP1B	0	1	0	1
METTL25	0	1	0	1
MFGE8	0	0	1	0
MFSD2A	0	1	0	1
MFSD3	0	0	0	0
MFSD8	0	1	1	1
MGA	0	1	0	1
MGAT5B	0	0	1	0
MIB2	0	0	1	0
MICALL1	0	1	0	1
MICALL2	0	1	0	1
MID1	1	0	0	1
MINK1	0	2	1	2
MIPEP	0	0	1	0
MKI67	1	1	0	2
MKRN2	0	2	0	2
MKRN3	0	1	0	1
MKX	0	1	0	1
MLANA	0	1	0	1
MLF1	0	1	0	1
MLH1	0	0	1	0
MLH3	0	1	0	1
MLIP	0	0	1	0
MLK4	0	1	0	1
MLLT4	0	1	0	1
MLXIPL	0	1	0	1
MMADHC	0	1	0	1
MMP14	0	0	1	0
MMP16	0	0	1	0
MMP25	0	1	0	1
MMP26	0	0	0	0
MMP9	0	2	0	2
MOCS2	0	0	1	0
MOGAT2	1	0	0	1
MOGS	0	0	1	0
MON1A	0	0	1	0
MON2	0	1	0	1
MORC2	0	0	1	0
MORC3	0	1	0	1
MORF4L1	0	1	0	1
MORN4	1	0	0	1
MORN5	0	1	0	1
MOS	0	1	0	1
MOV10	0	1	0	1
MOV10L1	0	0	1	0
MPEG1	0	1	0	1
MPG	0	0	0	0
MPI	0	1	0	1
MPP4	1	0	0	1
MPPE1	0	1	0	1
MPPED2	0	1	0	1
MPZL3	0	1	0	1
MR1	0	1	0	1
MRAS	0	1	0	1
MRC2	0	0	1	0
MREG	0	1	0	1
MRGPRE	0	0	1	0
MRGPRX1	0	0	1	0
MROH1	0	1	0	1
MROH2B	0	0	1	0
MROH6	0	0	2	0
MROH7	1	1	0	2
MROH8	0	0	1	0
MRPL1	0	1	0	1
MRPL15	0	0	1	0
MRPL28	0	0	1	0
MRPS27	0	1	0	1
MRPS31	0	1	0	1
MRVI1	0	0	1	0
MSC	0	1	0	1
MSH5	1	2	0	3
MSI1	0	1	0	1
MSL2	0	1	0	1
MSL3	1	0	0	1
MSLN	0	1	0	1
MSLNL	1	0	0	1
MTDH	0	0	1	0
MTERFD2	0	1	0	1
MTF1	0	0	1	0
MTHFD1	0	1	0	1
MTHFSD	0	1	0	1
MTMR2	0	0	1	0
MTMR3	0	1	0	1
MTOR	1	2	0	3
MTPAP	0	1	0	1
MTRR	0	1	0	1
MTSS1	0	1	0	1
MTSS1L	0	0	1	0
MTUS2	0	1	0	1
MUC12	0	1	0	1
MUC16	0	3	3	3
MUC17	0	1	1	1
MUC2	0	1	0	1
MUC4	0	1	1	1
MUM1	0	1	0	1
MVD	1	0	0	1
MVK	1	0	0	1
MX1	1	0	0	1
MYBPC2	0	1	0	1
MYBPH	0	1	0	1
MYCL	0	1	0	1
MYEF2	0	1	0	1
MYH11	1	1	0	2
MYH6	1	4	0	5
MYH7B	1	1	0	2
MYH8	0	1	0	1
MYH9	0	1	1	1
MYL2	0	1	0	1
MYO15A	0	2	0	2
MYO16	0	2	0	2
MYO18A	0	1	0	1
MYO18B	0	0	1	0
MYO1C	0	1	0	1
MYO1F	0	0	1	0
MYO1G	0	3	0	3
MYO3B	0	1	0	1
MYO5A	0	1	0	1
MYO6	0	0	1	0
MYO7A	0	1	0	1
MYO7B	0	3	0	3
MYO9B	0	1	0	1
MYOCD	0	0	1	0
MYOF	0	1	0	1
MYOG	0	1	1	1
MYOM1	0	2	0	2
MYOM2	0	1	2	1
MYOZ3	0	1	0	1
MYRF	0	4	0	4
N4BP1	0	1	0	1
N4BP2	0	1	0	1
NAA15	2	0	0	2
NAA16	0	1	0	1
NAA20	0	1	0	1
NAALADL1	0	1	0	1
NAB1	0	1	0	1
NADSYN1	0	1	0	1
NAE1	0	1	0	1
NAGA	0	1	0	1
NAGPA	0	1	0	1
NALCN	1	2	0	3
NARG2	0	1	0	1
NARS	0	1	0	1
NAT10	0	1	0	1
NAT8L	1	0	0	1
NAV2	0	0	2	0
NAV3	0	1	0	1
NBAS	0	1	0	1
NBPF3	0	0	1	0
NCALD	0	1	0	1
NCAPD3	0	2	1	2
NCAPG	0	0	1	0
NCAPG2	0	1	0	1
NCAPH2	0	1	0	1
NCCRP1	0	1	0	1
NCKAP5	0	1	0	1
NCKAP5L	0	1	0	1
NCOA1	0	1	0	1
NCOA3	0	1	0	1
NCOR1	0	0	1	0
NCOR2	0	1	0	1
NDC80	0	1	0	1
NDRG2	0	1	0	1
NDST1	0	1	0	1
NDST2	0	1	0	1
NDUFA13	0	0	1	0
NDUFB4	0	1	0	1
NEB	0	2	1	2
NEBL	0	1	0	1
NEDD1	0	0	1	0
NEIL2	0	1	0	1
NEK1	0	1	1	1
NEK10	0	1	0	1
NEMF	0	1	0	1
NEO1	0	2	0	2
NETO1	0	0	1	0
NEU1	0	1	0	1
NEU2	0	0	1	0
NEURL2	0	1	0	1
NEURL4	0	1	1	1
NEUROG3	0	0	1	0
NF1	0	2	2	2
NFAT5	0	1	0	1
NFATC2	0	1	0	1
NFE2L1	0	1	0	1
NFE2L2	0	2	0	2
NFE2L3	0	0	1	0
NFIX	1	0	0	1
NFKB1	0	0	1	0
NFKB2	0	1	0	1
NFKBIB	0	1	0	1
NFXL1	0	0	1	0
NFYA	0	0	1	0
NGFR	0	2	0	2
NHLRC3	0	1	0	1
NHSL1	0	1	0	1
NID2	0	1	0	1
NIM1K	0	0	1	0
NIN	1	0	0	1
NISCH	0	1	2	1
NIT1	0	1	0	1
NKD2	0	1	0	1
NKTR	0	1	1	1
NKX2-2	0	1	0	1
NKX6-2	0	1	0	1
NLGN1	0	1	0	1
NLN	0	1	0	1
NLRC3	0	1	0	1
NLRC5	0	1	0	1
NLRP12	0	0	1	0
NLRP7	0	1	1	1
NOD1	1	0	1	1
NOD2	0	1	0	1
NOL9	1	0	0	1
NOMO1	0	2	0	2
NONO	1	0	0	1
NOP16	0	0	0	0
NOP2	1	1	0	2
NOP58	0	2	1	2
NOS1	0	1	0	1
NOS3	0	1	0	1
NOSIP	0	0	1	0
NOTCH1	3	4	0	7
NOTCH2	0	4	0	4
NOVA1	1	0	0	1
NOX1	0	1	0	1
NOX5	0	1	0	1
NOXA1	0	1	0	1
NPAS1	1	0	0	1
NPAS3	0	0	0	0
NPC1	0	1	0	1
NPDC1	0	0	1	0
NPHP3	0	1	0	1
NPLOC4	0	0	1	0
NPNT	0	1	0	1
NPR2	0	1	0	1
NQO1	0	1	0	1
NR1D2	0	1	0	1
NR2F2	1	1	0	2
NR4A1	0	0	1	0
NR6A1	0	2	0	2
NRAS	0	1	0	1
NRCAM	0	1	0	1
NRF1	0	1	0	1
NRG1	0	0	1	0
NRG3	0	1	0	1
NRIP1	0	0	1	0
NRROS	0	1	1	1
NRXN1	0	0	1	0
NRXN2	0	1	1	1
NSD1	7	5	0	12
NSG1	0	0	1	0
NSUN6	0	0	1	0
NTM	1	0	0	1
NTN3	0	1	0	1
NTRK1	0	1	0	1
NUB1	0	1	0	1
NUBP2	0	0	1	0
NUCB1	0	1	0	1
NUDC	0	0	1	0
NUDCD1	0	1	0	1
NUDT21	0	1	0	1
NUDT7	0	1	0	1
NUF2	0	1	0	1
NUFIP2	0	1	0	1
NUGGC	0	0	0	0
NUP133	0	1	0	1
NUP155	0	0	1	0
NUP210L	0	1	0	1
NUP54	0	0	1	0
NUP62	0	1	0	1
NUP85	0	1	0	1
NWD1	0	1	1	1
NXF3	0	1	0	1
NXPE3	1	0	0	1
NYAP2	0	0	1	0
NYNRIN	0	1	0	1
OAS2	0	0	1	0
OASL	0	1	0	1
OAZ2	0	0	1	0
OAZ3	1	0	0	1
OBSCN	0	5	2	5
OBSL1	0	2	0	2
OCA2	0	1	0	1
ODF2	0	0	1	0
OFD1	0	1	0	1
OGFRL1	0	1	0	1
OMA1	1	0	0	1
ONECUT2	1	0	0	1
OPALIN	0	1	0	1
OPCML	0	1	0	1
OPHN1	0	0	1	0
OPLAH	0	0	1	0
OPRM1	0	1	0	1
OPTN	0	1	1	1
OR10H5	0	1	0	1
OR13D1	0	1	0	1
OR14C36	0	1	0	1
OR1B1	0	0	1	0
OR1E2	0	0	1	0
OR1I1	0	0	1	0
OR1L3	0	1	0	1
OR2B2	0	1	1	1
OR2B6	0	1	0	1
OR2D2	0	1	0	1
OR2Z1	0	1	1	1
OR4B1	0	1	0	1
OR4D6	0	0	1	0
OR52I2	0	1	0	1
OR52N4	0	1	0	1
OR5M1	0	1	0	1
OR5T2	0	1	0	1
OR6C65	0	1	0	1
OR6C68	0	1	0	1
OR7G2	0	0	1	0
OR8A1	0	0	1	0
OR8B4	0	1	0	1
OR9K2	0	1	0	1
ORC5	0	1	0	1
OSBP	0	2	0	2
OSBPL10	0	1	0	1
OSBPL2	0	0	1	0
OSBPL8	0	0	1	0
OSBPL9	0	1	0	1
OSER1	0	1	0	1
OSGIN1	0	1	0	1
OTOA	0	1	0	1
OTOF	0	1	0	1
OTOGL	0	0	1	0
OTOP2	1	0	0	1
OTUD7B	1	1	0	2
OVGP1	0	1	0	1
OVOL1	0	1	0	1
OXR1	1	0	1	1
OXSM	0	1	0	1
P2RX1	0	1	0	1
PABPC4L	0	1	0	1
PACS1	0	3	0	3
PAF1	0	1	0	1
PAFAH1B2	0	1	0	1
PAFAH1B3	0	1	0	1
PAGE1	0	1	0	1
PAIP1	0	0	1	0
PAK3	0	1	0	1
PAK6	1	0	0	1
PAN3	0	0	1	0
PANK4	0	0	0	0
PAPLN	0	1	0	1
PAPPA2	0	1	0	1
PAPSS1	0	1	0	1
PAPSS2	0	0	1	0
PARP1	0	0	1	0
PARVB	1	0	0	1
PAX4	0	1	0	1
PAXIP1	0	0	0	0
PBX1	0	1	0	1
PCBP2	1	0	0	1
PCBP3	1	0	0	1
PCDH1	0	1	0	1
PCDH10	0	0	1	0
PCDH15	0	1	2	1
PCDH7	0	1	0	1
PCDHA10	0	1	0	1
PCDHA12	1	0	0	1
PCDHA3	0	1	0	1
PCDHA6	0	1	0	1
PCDHA7	0	0	1	0
PCDHAC2	0	0	1	0
PCDHB1	0	1	0	1
PCDHB8	0	0	2	0
PCDHGA11	0	1	0	1
PCDHGA12	0	1	1	1
PCDHGA2	0	1	0	1
PCDHGA3	0	1	0	1
PCDP1	0	1	0	1
PCGF5	0	0	1	0
PCLO	0	1	2	1
PCM1	0	1	0	1
PCNT	0	1	0	1
PCNXL2	1	1	0	2
PCOLCE	0	1	0	1
PCOLCE2	0	1	0	1
PCSK5	1	1	0	2
PDCD11	0	0	1	0
PDCD1LG2	0	1	0	1
PDCL	0	1	0	1
PDE11A	1	1	0	2
PDE3B	0	2	0	2
PDE4DIP	0	0	0	0
PDE6B	1	0	0	1
PDE8B	0	0	1	0
PDGFRB	0	1	0	1
PDILT	1	0	0	1
PDK1	0	0	1	0
PDK2	0	0	1	0
PDLIM4	0	1	0	1
PDPN	0	0	1	0
PDS5B	0	1	0	1
PDZD3	0	0	1	0
PDZRN4	0	1	0	1
PEG3	0	1	0	1
PELO	0	1	0	1
PER1	0	0	1	0
PER2	0	1	0	1
PER3	0	2	0	2
PES1	0	1	0	1
PEX1	0	1	1	1
PEX2	0	1	0	1
PFAS	1	0	0	1
PFDN2	0	1	0	1
PFKM	0	2	0	2
PFKP	0	2	0	2
PGBD4	1	0	0	1
PGM2	1	0	0	1
PHACTR1	0	2	0	2
PHAX	0	1	0	1
PHEX	1	0	0	1
PHF1	0	0	1	0
PHF10	1	0	0	1
PHF11	0	1	0	1
PHF2	0	1	0	1
PHF20	0	1	0	1
PHF20L1	0	1	0	1
PHF21B	0	1	0	1
PHF6	1	0	0	1
PHF8	0	0	1	0
PHIP	1	2	0	3
PHKG1	0	0	1	0
PHKG2	0	0	1	0
PHLDB1	0	0	0	0
PHLDB2	1	0	0	1
PHPT1	1	1	0	2
PHRF1	1	2	1	3
PHYHIP	0	1	0	1
PHYHIPL	0	1	0	1
PI4KA	0	2	0	2
PI4KB	0	1	0	1
PIAS1	0	1	0	1
PIAS3	0	1	0	1
PIAS4	0	1	0	1
PIDD	0	1	0	1
PIEZO1	0	2	1	2
PIGM	0	1	0	1
PIGQ	0	1	0	1
PIGS	0	1	0	1
PIK3C2G	1	1	1	2
PIK3CD	0	2	0	2
PIK3R2	0	1	0	1
PIK3R3	0	0	1	0
PIK3R5	0	1	0	1
PITPNM2	0	1	0	1
PITX2	0	1	0	1
PIWIL1	1	0	0	1
PKD1	1	0	0	1
PKD1L1	0	0	1	0
PKHD1	0	3	0	3
PKN2	0	1	0	1
PKN3	0	1	0	1
PKP2	0	1	0	1
PKP4	0	0	1	0
PLA2R1	0	0	2	0
PLBD2	0	1	0	1
PLCB3	0	1	0	1
PLCD1	0	1	0	1
PLCL1	0	1	0	1
PLCL2	0	0	1	0
PLCXD1	0	1	0	1
PLCZ1	1	0	0	1
PLD2	0	2	0	2
PLD3	0	1	0	1
PLEC	0	1	3	1
PLEKHA3	0	1	0	1
PLEKHA5	0	1	0	1
PLEKHA7	0	0	1	0
PLEKHB2	1	0	0	1
PLEKHG2	0	1	0	1
PLEKHG3	0	0	1	0
PLEKHG4B	0	0	1	0
PLEKHM1	0	0	1	0
PLEKHM3	0	1	0	1
PLEKHO2	0	1	0	1
PLEKHS1	0	1	0	1
PLS1	0	1	0	1
PLVAP	0	0	1	0
PLXDC2	1	0	0	1
PLXNA1	0	3	0	3
PLXNA2	1	0	0	1
PLXNA3	0	1	1	1
PLXNA4	0	0	1	0
PLXNB1	0	1	0	1
PLXNB3	0	0	1	0
PLXNC1	1	1	0	2
PLXND1	0	2	0	2
PMS2	0	1	0	1
PNLIPRP2	1	0	0	1
PNPLA3	0	1	0	1
PODXL	0	1	0	1
POGZ	2	1	0	3
POLA2	0	1	0	1
POLE	1	2	0	3
POLL	0	1	0	1
POLQ	1	1	0	2
POLR2A	0	1	0	1
POLR2F	0	0	1	0
POLR2M	0	1	0	1
POLR3A	0	1	0	1
POLR3C	0	1	0	1
POLRMT	0	1	0	1
POMGNT1	0	0	1	0
POMP	0	1	0	1
POR	0	0	0	0
PORCN	0	0	0	0
POU3F1	0	1	0	1
POU3F3	0	1	0	1
PPAP2A	0	1	0	1
PPARA	0	1	0	1
PPFIA2	0	0	1	0
PPFIA3	0	1	0	1
PPFIBP2	0	1	0	1
PPIB	0	1	0	1
PPIG	0	1	0	1
PPIH	0	0	1	0
PPIL1	0	1	0	1
PPIL2	0	1	0	1
PPIP5K1	0	1	0	1
PPL	1	1	0	2
PPM1M	0	0	0	0
PPP1CB	0	2	0	2
PPP1R12A	0	1	0	1
PPP1R13B	0	1	1	1
PPP1R16A	0	0	1	0
PPP1R3A	0	1	0	1
PPP1R3C	0	1	0	1
PPP1R7	0	1	0	1
PPP2R2C	0	1	0	1
PPP2R3A	0	0	1	0
PPP4C	0	1	0	1
PPP6R1	0	1	0	1
PPRC1	0	0	1	0
PPT1	0	1	0	1
PPWD1	0	1	0	1
PQBP1	0	1	0	1
PRCP	1	0	0	1
PRDM1	0	2	1	2
PRDM15	0	0	1	0
PRDM6	1	0	0	1
PREP	0	1	0	1
PREX2	0	2	0	2
PRG4	1	0	0	1
PRICKLE3	0	1	0	1
PRIM2	0	0	1	0
PRKAA2	1	0	0	1
PRKACB	1	0	0	1
PRKAR1A	0	1	0	1
PRKAR2B	0	0	1	0
PRKCH	0	2	0	2
PRKCSH	0	0	1	0
PRKD1	0	4	0	4
PRKD3	0	1	0	1
PRKDC	0	1	0	1
PRKG1	0	2	0	2
PRKG2	0	0	1	0
PRMT1	0	0	1	0
PRMT6	0	1	0	1
PRMT8	0	1	0	1
PROCA1	0	1	0	1
PRODH	0	0	1	0
PRPF3	0	0	1	0
PRPF38A	1	0	0	1
PRPF4	0	1	0	1
PRPF4B	0	1	0	1
PRPF8	0	2	0	2
PRPS2	0	1	0	1
PRR14L	0	1	0	1
PRR5L	0	0	1	0
PRRC2A	0	1	0	1
PRRC2B	2	0	0	2
PRRG4	0	1	0	1
PRSS27	0	0	1	0
PSAT1	0	1	0	1
PSEN2	0	0	1	0
PSG2	0	0	1	0
PSMB1	0	0	1	0
PSMC1	0	1	0	1
PSMC3IP	0	0	1	0
PSMC4	0	1	0	1
PSMD1	0	0	1	0
PSMD12	1	0	0	1
PSMD6	0	1	0	1
PSMD8	0	1	0	1
PSME1	0	1	0	1
PSMG3	0	0	1	0
PSPC1	0	1	0	1
PSTPIP2	0	2	0	2
PTAR1	0	1	0	1
PTBP1	0	1	0	1
PTCD3	0	1	0	1
PTCH1	0	1	0	1
PTCHD2	0	1	0	1
PTEN	2	0	0	2
PTGFRN	0	1	0	1
PTGIR	0	0	1	0
PTK7	0	0	1	0
PTPN11	0	19	0	19
PTPN13	0	1	0	1
PTPN3	0	1	0	1
PTPN5	0	0	0	0
PTPRB	0	1	1	1
PTPRD	0	0	1	0
PTPRH	0	1	0	1
PTPRM	0	1	0	1
PTPRO	1	0	0	1
PTPRQ	0	1	0	1
PTPRS	0	1	0	1
PTPRT	0	1	0	1
PTPRU	0	0	0	0
PTPRZ1	0	1	0	1
PUF60	1	1	0	2
PUM1	0	1	0	1
PUM2	0	1	0	1
PURA	0	1	0	1
PUS1	0	0	1	0
PVALB	0	1	0	1
PXDN	0	0	1	0
PXT1	1	0	0	1
PYGB	0	0	1	0
PYGL	0	3	0	3
PZP	0	1	0	1
QARS	0	0	1	0
QPRT	0	1	0	1
QRICH1	0	1	0	1
QTRT1	0	1	0	1
RAB10	0	1	0	1
RAB11FIP4	0	1	0	1
RAB2B	0	1	0	1
RAB3GAP1	1	1	0	2
RAB3GAP2	0	0	1	0
RAB6B	0	1	0	1
RAB8A	0	1	0	1
RABGAP1L	1	1	0	2
RABGEF1	0	0	1	0
RAC1	0	2	0	2
RACGAP1	0	2	0	2
RAD17	0	0	1	0
RAD9A	0	2	0	2
RADIL	0	0	0	0
RAF1	0	3	0	3
RAG1	0	0	1	0
RALBP1	0	0	1	0
RALGDS	0	0	1	0
RANBP2	0	1	0	1
RANBP6	0	1	0	1
RANGAP1	0	0	1	0
RAP1GDS1	0	1	0	1
RAPGEF6	0	2	0	2
RAPSN	0	1	0	1
RARRES3	0	0	1	0
RARS2	0	0	1	0
RASA1	0	2	0	2
RASA2	1	1	0	2
RASGRF1	0	1	0	1
RASGRF2	0	2	0	2
RASSF8	0	1	0	1
RASSF9	0	1	0	1
RAVER1	0	1	0	1
RBBP8NL	0	1	0	1
RBFOX2	3	1	0	4
RBM19	0	1	0	1
RBM20	0	0	1	0
RBM25	0	1	0	1
RBM27	0	1	1	1
RBM8A	1	0	0	1
RBMS1	1	0	0	1
RBP1	0	1	0	1
RBPJ	0	1	0	1
RBPJL	0	1	0	1
RBX1	0	1	0	1
RC3H2	0	0	1	0
RCBTB2	0	1	0	1
RCC1	0	1	0	1
RCSD1	0	1	0	1
RD3	0	1	0	1
RDH5	0	1	0	1
RECQL5	0	1	0	1
REG4	0	1	0	1
RELL2	0	1	0	1
REPS2	0	0	1	0
RETSAT	1	1	0	2
RFC4	0	1	0	1
RFWD3	0	0	1	0
RFX2	0	1	0	1
RFX7	0	0	1	0
RGL3	0	1	0	1
RGMB	0	1	0	1
RGPD4	1	0	0	1
RGS11	0	0	1	0
RGS20	0	1	0	1
RGSL1	0	1	0	1
RHAG	0	1	0	1
RHBDF1	0	1	0	1
RHOBTB2	0	0	1	0
RHOD	0	1	0	1
RHOT2	0	1	1	1
RIC8A	0	0	1	0
RIMBP2	0	0	1	0
RIMS1	0	1	0	1
RIMS2	0	0	1	0
RIMS3	0	1	0	1
RIN3	0	1	0	1
RIOK1	0	1	0	1
RIT1	0	2	0	2
RLBP1	0	0	1	0
RMDN1	0	1	0	1
RNF10	0	1	0	1
RNF115	0	1	0	1
RNF123	0	1	0	1
RNF133	0	1	0	1
RNF14	0	1	0	1
RNF141	0	0	1	0
RNF180	0	0	1	0
RNF183	0	1	0	1
RNF185	0	1	0	1
RNF20	1	0	0	1
RNF207	1	0	0	1
RNF208	0	1	0	1
RNF213	0	0	1	0
RNF214	1	0	0	1
RNF217	0	0	1	0
RNF219	0	1	0	1
RNF220	0	1	0	1
RNF38	0	1	0	1
RNF44	0	1	0	1
RNPEPL1	0	1	0	1
RNPS1	0	0	0	0
ROBO1	0	1	0	1
ROBO2	0	1	0	1
ROCK1	1	0	0	1
ROCK2	0	2	0	2
RORA	0	1	1	1
RP1	0	1	1	1
RP11-455G16.1	0	1	0	1
RP3-508I15.10	0	0	0	0
RPEL1	0	1	0	1
RPH3A	0	0	1	0
RPL10	0	2	0	2
RPL14	0	1	0	1
RPL15	0	1	0	1
RPL29	0	1	0	1
RPL5	2	0	0	2
RPRD2	0	1	0	1
RPS15A	0	0	1	0
RPS24	0	0	0	0
RPS27A	0	0	1	0
RPS5	0	1	0	1
RPS6KA1	0	1	0	1
RPS6KA2	0	1	1	1
RPS6KB2	0	1	0	1
RPS6KC1	0	1	0	1
RPS8	0	0	1	0
RPTN	0	1	0	1
RPTOR	0	1	0	1
RPUSD4	0	1	0	1
RRAD	0	1	0	1
RRAGA	0	1	0	1
RREB1	0	1	0	1
RRM1	0	0	1	0
RRM2	0	0	0	0
RS1	0	1	0	1
RSBN1	0	0	1	0
RSPO1	0	1	0	1
RSPO3	0	1	0	1
RSRC2	0	0	0	0
RTL1	0	1	0	1
RTN2	0	0	1	0
RTN4R	0	0	1	0
RTP4	0	1	0	1
RUFY2	0	1	0	1
RUNX3	0	1	0	1
RUVBL1	1	1	0	2
RUVBL2	0	2	0	2
RXFP3	0	0	1	0
RXRA	0	1	1	1
RYBP	1	1	0	2
RYR1	0	1	1	1
RYR2	0	4	2	4
RYR3	2	4	0	6
S100A10	0	0	1	0
S1PR4	1	0	0	1
SACS	0	0	1	0
SAMD11	2	0	0	2
SAMD8	0	1	0	1
SAP130	1	0	0	1
SAP18	0	1	0	1
SARS	0	0	1	0
SART1	2	0	0	2
SATB1	0	1	0	1
SBF1	0	3	1	3
SBNO1	0	1	0	1
SBNO2	0	1	0	1
SBSPON	0	0	1	0
SCAF11	0	1	1	1
SCAMP1	0	1	0	1
SCAMP2	0	1	0	1
SCAND3	0	1	0	1
SCAP	0	2	1	2
SCAPER	0	0	1	0
SCEL	0	1	0	1
SCN10A	0	2	0	2
SCN1B	0	0	1	0
SCN4B	0	1	0	1
SCN5A	0	1	0	1
SCN8A	0	1	0	1
SCN9A	0	1	0	1
SCNN1D	0	2	0	2
SCRIB	0	0	1	0
SCRN1	0	0	0	0
SCTR	0	1	0	1
SCUBE1	0	0	1	0
SCYL1	0	1	0	1
SDAD1	0	1	0	1
SDC1	0	1	0	1
SDK1	0	2	0	2
SEC13	0	0	1	0
SEC24A	0	0	2	0
SECISBP2	0	0	1	0
SEL1L2	0	1	0	1
SELE	0	0	1	0
SELP	0	0	1	0
SEMA3A	0	1	0	1
SEMA3C	0	2	0	2
SEMA4D	0	0	1	0
SENP5	0	0	1	0
SEPT12	0	0	1	0
SEPT2	0	1	0	1
SEPT3	0	1	0	1
SEPT4	0	1	0	1
SEPT8	0	1	0	1
SEPW1	0	1	0	1
SERAC1	0	2	0	2
SERHL2	1	0	0	1
SERINC1	0	0	1	0
SERINC4	0	1	0	1
SERPINA3	0	1	0	1
SERPINH1	1	0	0	1
SERTAD4	1	0	0	1
SESN1	1	0	0	1
SESN3	0	1	0	1
SESTD1	0	1	0	1
SETBP1	0	1	0	1
SETD1B	0	1	1	1
SETD3	0	1	0	1
SETD5	2	1	0	3
SETD9	1	0	0	1
SETX	0	0	1	0
SEZ6	0	1	0	1
SF1	0	0	1	0
SF3A3	0	1	0	1
SF3B1	1	0	0	1
SF3B3	0	2	0	2
SFPQ	0	0	1	0
SFXN5	0	1	0	1
SGCB	0	0	1	0
SGCZ	0	1	0	1
SGK223	0	1	0	1
SGK3	0	1	0	1
SGSH	0	0	1	0
SGTB	0	1	0	1
SH3BP4	0	1	0	1
SH3TC2	0	0	2	0
SHE	0	0	1	0
SHISA6	0	1	0	1
SHROOM3	0	1	0	1
SI	0	2	0	2
SIDT2	1	0	0	1
SIGLEC5	0	1	0	1
SIPA1L1	1	0	0	1
SIRT1	0	1	0	1
SIRT2	0	1	0	1
SIX3	0	1	0	1
SIX4	0	1	1	1
SKAP2	0	1	0	1
SLAMF6	0	1	0	1
SLC10A7	0	1	0	1
SLC12A5	0	1	1	1
SLC12A6	0	0	0	0
SLC12A9	0	1	0	1
SLC15A2	0	1	0	1
SLC15A3	0	1	0	1
SLC16A12	0	0	1	0
SLC16A13	0	1	1	1
SLC17A4	0	1	0	1
SLC17A5	0	1	0	1
SLC19A1	0	1	0	1
SLC1A2	0	0	1	0
SLC1A5	0	0	1	0
SLC22A1	0	1	0	1
SLC22A10	1	1	0	2
SLC22A13	0	0	0	0
SLC22A4	0	1	0	1
SLC24A4	1	0	0	1
SLC25A12	0	0	1	0
SLC25A23	0	2	0	2
SLC25A25	0	1	0	1
SLC25A53	0	1	0	1
SLC26A2	1	0	0	1
SLC26A6	0	1	0	1
SLC26A8	0	1	0	1
SLC27A1	0	1	0	1
SLC29A1	1	0	0	1
SLC2A1	0	0	1	0
SLC2A4RG	0	1	0	1
SLC2A7	0	0	1	0
SLC30A3	0	1	0	1
SLC30A4	0	1	0	1
SLC30A5	0	1	0	1
SLC32A1	0	1	0	1
SLC35F2	0	0	1	0
SLC36A3	0	1	0	1
SLC36A4	0	0	1	0
SLC38A1	0	1	0	1
SLC38A10	0	1	1	1
SLC38A3	0	0	0	0
SLC38A7	0	0	1	0
SLC38A8	0	0	1	0
SLC39A10	0	1	0	1
SLC39A14	0	0	1	0
SLC43A2	0	1	0	1
SLC44A1	0	1	0	1
SLC44A5	0	1	0	1
SLC45A4	0	1	0	1
SLC47A2	0	2	0	2
SLC4A1	0	1	0	1
SLC4A1AP	0	1	0	1
SLC4A5	0	1	0	1
SLC4A8	0	1	0	1
SLC5A10	0	1	0	1
SLC5A2	1	0	0	1
SLC5A6	0	1	0	1
SLC6A12	0	0	1	0
SLC6A17	0	0	1	0
SLC6A20	0	1	0	1
SLC6A3	0	1	0	1
SLC6A9	0	1	1	1
SLC7A14	0	1	0	1
SLC9A3R2	0	1	0	1
SLCO1B1	0	0	1	0
SLCO1B3	0	0	2	0
SLCO1B7	0	1	0	1
SLCO5A1	0	0	1	0
SLFN12	0	1	0	1
SLFN5	1	0	0	1
SLIT1	1	0	0	1
SLIT3	1	1	0	2
SLITRK3	0	0	1	0
SLX4	0	2	0	2
SMAD2	1	2	0	3
SMAD4	0	2	0	2
SMAD6	1	0	0	1
SMARCA1	0	1	0	1
SMARCA2	1	0	0	1
SMARCC1	0	2	0	2
SMARCD1	0	1	1	1
SMC1B	0	0	0	0
SMC2	0	1	0	1
SMC3	0	2	0	2
SMCHD1	0	3	0	3
SMCO4	0	0	1	0
SMCR8	0	2	0	2
SMG6	0	3	0	3
SMG8	0	1	0	1
SMNDC1	0	1	0	1
SMPD4	0	0	1	0
SMTN	0	1	0	1
SMURF2	1	0	0	1
SNAI1	0	1	0	1
SNAI3	0	1	0	1
SNAPC5	1	0	0	1
SNCAIP	0	0	1	0
SNRNP200	0	1	0	1
SNRNP35	0	1	0	1
SNTB2	0	0	1	0
SNX1	0	0	1	0
SNX11	0	0	1	0
SNX13	0	0	1	0
SNX14	0	1	0	1
SNX18	0	0	1	0
SNX6	0	0	1	0
SNX9	0	1	0	1
SOAT1	0	0	1	0
SOBP	0	1	0	1
SON	0	1	0	1
SORCS1	0	2	0	2
SOS1	0	4	0	4
SOST	0	0	1	0
SOWAHB	1	0	0	1
SP110	0	2	0	2
SPACA3	0	1	0	1
SPAG17	0	0	2	0
SPAG7	0	1	0	1
SPARCL1	0	0	2	0
SPATA2	0	1	0	1
SPATA20	0	1	0	1
SPATA31A2	0	0	1	0
SPATA4	0	1	0	1
SPATA5	0	1	0	1
SPATA9	0	0	1	0
SPATC1L	0	0	1	0
SPECC1L	1	0	0	1
SPEN	1	1	1	2
SPERT	0	0	1	0
SPESP1	0	0	1	0
SPG11	0	0	1	0
SPG7	0	2	0	2
SPIRE1	1	0	0	1
SPO11	0	0	1	0
SPPL2C	0	1	0	1
SPRED2	1	2	0	3
SPRR2A	0	1	0	1
SPRY1	1	0	0	1
SPTA1	0	3	1	3
SPTB	0	0	1	0
SPTBN1	1	0	0	1
SPTBN2	0	1	0	1
SPTBN5	1	2	0	3
SRBD1	0	1	0	1
SRPK3	0	1	0	1
SRPX2	0	1	0	1
SRRM2	1	0	1	1
SRSF4	0	1	0	1
SSBP3	0	1	0	1
SSC5D	0	1	0	1
SSH2	0	2	0	2
SSTR3	0	1	0	1
ST3GAL3	0	0	1	0
ST5	1	0	0	1
ST7	0	0	1	0
ST8SIA3	0	1	0	1
STAB1	0	1	0	1
STAG2	0	1	0	1
STARD3	0	0	1	0
STARD9	0	1	0	1
STAT4	0	1	0	1
STAT5A	0	0	1	0
STEAP3	0	1	0	1
STK11	0	0	1	0
STK19	0	0	1	0
STK32A	0	1	0	1
STK33	0	0	1	0
STK36	0	1	0	1
STK38L	0	1	0	1
STK4	0	1	0	1
STON1-GTF2A1L	0	1	0	1
STRN4	0	1	0	1
STX19	0	0	1	0
STX1A	1	0	0	1
STXBP5	0	1	0	1
STXBP6	0	1	0	1
SUGP2	0	2	0	2
SULT4A1	0	0	1	0
SULT6B1	0	1	0	1
SUPT5H	0	1	0	1
SUPT6H	0	2	0	2
SUSD4	0	1	0	1
SUV420H1	0	2	0	2
SUV420H2	0	1	0	1
SVEP1	1	1	0	2
SYBU	1	0	0	1
SYCP2L	0	1	0	1
SYNE2	0	1	0	1
SYNGAP1	0	0	1	0
SYNGR1	0	0	1	0
SYNM	0	0	1	0
SYNPR	0	1	0	1
SYT13	0	0	1	0
SYT15	0	0	1	0
SYT3	0	0	1	0
SYTL2	0	1	0	1
SYTL3	0	1	0	1
SZRD1	0	0	1	0
TAAR6	0	0	1	0
TAB1	0	1	0	1
TAB2	4	1	0	5
TACC2	0	1	1	1
TAF1	0	4	0	4
TAF1L	0	1	0	1
TAF4	0	1	0	1
TAGLN	0	1	0	1
TAL2	0	0	1	0
TANC1	0	1	0	1
TANC2	1	0	0	1
TAOK1	0	2	0	2
TARBP1	0	1	1	1
TARS2	0	1	0	1
TAS2R14	1	1	0	2
TAX1BP1	0	0	1	0
TBC1D1	0	1	0	1
TBC1D19	1	1	0	2
TBC1D20	1	0	0	1
TBC1D30	0	1	0	1
TBC1D4	0	1	0	1
TBC1D9B	0	0	1	0
TBCD	0	0	1	0
TBL3	0	0	1	0
TBX1	0	1	0	1
TBX18	1	1	0	2
TBX19	0	0	1	0
TBX2	1	0	0	1
TBX5	1	1	0	2
TCAIM	0	1	0	1
TCERG1	0	0	1	0
TCF12	1	1	0	2
TCF7L2	1	0	0	1
TDRD7	0	1	0	1
TDRD9	0	1	0	1
TEAD1	0	0	1	0
TECPR1	0	1	0	1
TECPR2	0	1	0	1
TECTA	2	2	0	4
TEKT2	0	1	0	1
TEKT3	0	1	0	1
TENM1	0	1	0	1
TENM2	0	1	1	1
TENM4	0	2	1	2
TERF2	0	1	0	1
TERT	0	1	0	1
TESK2	0	0	1	0
TESPA1	0	0	1	0
TEX14	0	1	1	1
TEX15	0	2	0	2
TFAP2B	0	1	0	1
TFDP1	0	1	0	1
TFE3	1	0	0	1
TFEB	0	1	0	1
TFIP11	0	1	0	1
TGFBR2	0	1	0	1
TGFBR3	0	1	0	1
TGIF1	0	0	0	0
TGM2	0	1	0	1
TGM6	0	1	0	1
THADA	1	0	0	1
THBS2	0	1	0	1
THOC7	0	0	1	0
THUMPD3	0	1	0	1
TIAM1	0	0	1	0
TIAM2	0	1	0	1
TICRR	0	1	0	1
TIE1	0	1	0	1
TIFAB	0	0	1	0
TIGD7	0	1	0	1
TIMM10	0	1	0	1
TIMM44	0	1	0	1
TIPARP	0	0	1	0
TJP2	1	1	0	2
TJP3	0	1	1	1
TLCD2	0	1	0	1
TLE1	0	1	0	1
TLK1	0	1	0	1
TLK2	1	0	0	1
TLN1	0	2	0	2
TLR9	0	1	0	1
TM2D2	0	1	0	1
TM4SF20	0	1	0	1
TM7SF3	0	1	0	1
TM9SF1	0	1	0	1
TM9SF3	0	1	0	1
TMC2	1	0	0	1
TMC5	0	0	1	0
TMC6	0	1	0	1
TMCO3	0	1	0	1
TMED1	0	1	0	1
TMED10	0	1	0	1
TMED5	0	0	1	0
TMEM125	0	0	1	0
TMEM127	0	1	0	1
TMEM133	0	1	0	1
TMEM135	0	0	1	0
TMEM138	0	1	0	1
TMEM145	0	0	1	0
TMEM161B	0	1	0	1
TMEM175	0	0	1	0
TMEM18	0	0	1	0
TMEM184A	0	1	0	1
TMEM189-UBE2V1	1	0	0	1
TMEM2	0	0	1	0
TMEM200A	0	0	2	0
TMEM214	0	1	0	1
TMEM232	0	1	0	1
TMEM242	0	0	1	0
TMEM245	1	0	0	1
TMEM26	0	1	1	1
TMEM31	0	0	1	0
TMEM38B	0	1	0	1
TMEM43	0	1	0	1
TMEM54	0	1	0	1
TMEM57	0	0	1	0
TMEM63A	0	1	0	1
TMEM67	0	1	0	1
TMEM68	0	0	1	0
TMEM71	0	1	0	1
TMEM81	0	0	1	0
TMEM86B	0	0	1	0
TMEM8A	0	1	0	1
TMF1	1	0	0	1
TMPO	0	0	1	0
TMPRSS2	0	1	0	1
TMPRSS7	1	1	0	2
TMTC2	0	1	0	1
TNFAIP1	0	1	0	1
TNFRSF10B	0	0	1	0
TNFRSF14	0	0	1	0
TNFRSF21	0	1	0	1
TNFRSF25	1	0	0	1
TNK2	0	0	1	0
TNKS	0	1	1	1
TNNI2	0	1	0	1
TNPO3	1	1	0	2
TNR	0	1	0	1
TNRC18	0	2	0	2
TNS1	0	2	0	2
TNS3	0	1	0	1
TNXB	0	1	1	1
TOB2	0	1	0	1
TOE1	0	1	1	1
TOM1	0	1	0	1
TOM1L1	0	1	0	1
TOMM40L	0	1	0	1
TONSL	0	1	0	1
TOP1MT	0	1	0	1
TOP2B	0	1	0	1
TP53	1	0	0	1
TP53INP1	0	1	0	1
TP63	0	1	0	1
TP73	0	1	0	1
TPCN2	1	0	0	1
TPD52L1	0	1	0	1
TPD52L2	0	1	0	1
TPO	0	0	1	0
TPP2	0	1	0	1
TPRA1	0	1	0	1
TPRG1	0	1	0	1
TPSD1	0	0	1	0
TPTE	0	1	0	1
TRA2B	1	0	0	1
TRABD	0	1	0	1
TRAF3	0	1	0	1
TRAF7	0	1	0	1
TRAIP	0	1	1	1
TRAP1	0	0	1	0
TRAPPC10	0	1	0	1
TRAPPC6A	0	0	0	0
TRBC2	0	0	1	0
TRIB2	0	1	0	1
TRIM10	0	1	0	1
TRIM2	0	0	1	0
TRIM25	1	0	0	1
TRIM28	0	1	0	1
TRIM3	0	0	1	0
TRIM37	0	1	0	1
TRIM41	0	1	0	1
TRIM47	0	1	0	1
TRIM5	0	0	1	0
TRIM55	0	0	1	0
TRIM58	0	0	1	0
TRIM6	0	1	0	1
TRIM62	0	1	0	1
TRIM63	0	1	0	1
TRIM65	0	1	0	1
TRIM67	0	1	0	1
TRIML1	0	0	1	0
TRIP12	2	0	0	2
TRIP4	1	0	0	1
TRMT13	0	1	0	1
TRMT44	0	1	0	1
TRPC5	0	1	0	1
TRPM6	1	0	0	1
TRPM8	1	0	0	1
TRPS1	0	1	0	1
TRPV4	0	1	0	1
TRRAP	0	3	0	3
TSC1	1	2	0	3
TSC2	0	0	1	0
TSC22D2	1	0	0	1
TSEN2	1	0	0	1
TSGA13	0	1	0	1
TSHR	0	1	0	1
TSHZ1	0	2	0	2
TSKS	0	0	2	0
TSN	0	1	0	1
TSNAXIP1	0	1	0	1
TSPYL1	0	1	0	1
TSPYL2	0	1	0	1
TSSC4	0	1	0	1
TTC1	0	1	0	1
TTC14	0	1	0	1
TTC17	0	1	0	1
TTC18	0	1	0	1
TTC21B	0	1	1	1
TTC28	0	1	0	1
TTC39A	0	1	0	1
TTC40	0	1	0	1
TTC7A	0	0	1	0
TTI1	0	1	0	1
TTK	0	1	0	1
TTLL1	0	1	0	1
TTLL13	0	1	0	1
TTLL5	0	1	1	1
TTLL6	0	1	0	1
TTLL7	0	1	0	1
TTN	1	7	2	8
TTYH1	0	1	0	1
TUBA1C	0	1	1	1
TUBA3D	0	0	0	0
TUBB6	0	1	0	1
TUBGCP2	0	1	0	1
TUBGCP5	0	0	1	0
TUFM	0	1	0	1
TULP4	0	2	0	2
TWF2	0	1	0	1
TXNIP	0	0	1	0
TYRP1	1	0	0	1
U2AF1L4	0	1	0	1
U2SURP	1	1	0	2
UACA	0	1	0	1
UBAP1L	0	1	0	1
UBAP2	0	0	1	0
UBASH3B	0	1	0	1
UBC	0	1	0	1
UBE2B	0	1	0	1
UBE2E1	0	1	0	1
UBE2H	0	1	0	1
UBE2R2	0	0	1	0
UBE3C	0	1	0	1
UBQLN1	0	1	0	1
UBR1	1	1	0	2
UBR3	1	1	0	2
UBR4	1	3	0	4
UBR5	0	1	1	1
UBTF	0	1	0	1
UBXN11	0	1	0	1
UBXN2B	0	1	0	1
UCHL3	1	0	0	1
UCP2	0	0	1	0
UFL1	0	2	1	2
UGGT1	0	1	0	1
UGT1A6	0	1	0	1
UGT2A3	1	0	0	1
UGT2B11	1	0	0	1
UGT2B4	0	1	0	1
UGT8	0	1	0	1
UHRF1BP1	0	0	1	0
UHRF2	0	1	0	1
ULK1	0	1	1	1
UMODL1	0	3	1	3
UMPS	0	1	0	1
UNC13C	0	3	0	3
UNC13D	0	0	1	0
UNC5B	0	1	0	1
UNC5D	0	1	0	1
UNC79	0	2	1	2
UNCX	0	1	0	1
UNKL	0	1	0	1
UPF1	0	2	0	2
UPF2	1	0	0	1
UPK1B	0	1	0	1
UPP1	1	0	0	1
UQCRC1	0	1	0	1
URB2	0	2	0	2
URGCP	0	1	0	1
UROD	0	1	0	1
USH1C	0	2	0	2
USP1	0	1	0	1
USP16	1	0	0	1
USP19	0	1	0	1
USP3	0	1	0	1
USP34	0	2	0	2
USP35	0	1	0	1
USP37	0	1	0	1
USP4	0	2	0	2
USP44	0	1	1	1
USP46	1	0	0	1
USP5	1	1	1	2
USP8	1	0	1	1
UTP14C	0	2	0	2
UTP20	0	1	0	1
UTS2B	0	1	0	1
UVRAG	0	1	0	1
UVSSA	1	1	0	2
UXS1	0	0	1	0
VANGL1	0	1	0	1
VASN	0	2	0	2
VAV3	0	1	0	1
VCAN	0	1	0	1
VCPIP1	0	1	0	1
VEZF1	1	1	1	2
VIL1	0	0	1	0
VIPR2	0	0	1	0
VPS13B	0	1	0	1
VPS13C	0	1	0	1
VPS13D	0	2	0	2
VPS16	1	0	0	1
VPS33B	0	0	1	0
VPS35	0	1	0	1
VPS37D	0	1	0	1
VPS39	0	1	0	1
VPS4B	0	1	0	1
VPS53	0	1	1	1
VSIG1	0	1	0	1
VWA3A	0	0	1	0
VWA5B1	0	2	0	2
VWA7	0	1	0	1
VWA9	0	1	0	1
VWDE	0	1	0	1
WAC	2	1	0	3
WAPAL	1	0	0	1
WARS	0	1	0	1
WAS	0	1	0	1
WASL	0	1	0	1
WDFY2	0	0	1	0
WDFY4	0	0	1	0
WDHD1	1	0	0	1
WDPCP	0	0	1	0
WDR17	0	1	0	1
WDR33	0	0	1	0
WDR34	0	1	0	1
WDR37	0	1	0	1
WDR45B	0	1	1	1
WDR5	0	1	0	1
WDR52	0	1	0	1
WDR6	0	0	1	0
WDR63	0	0	1	0
WDR65	0	1	0	1
WDR66	0	0	1	0
WDR7	0	1	0	1
WDR74	0	1	0	1
WDR86	0	1	0	1
WDR87	0	0	1	0
WDR88	0	1	0	1
WDR90	0	2	0	2
WDR93	0	1	0	1
WDTC1	0	1	0	1
WFDC10A	1	0	0	1
WHAMM	0	2	0	2
WHSC1	2	1	1	3
WIBG	0	1	0	1
WIPI2	1	1	1	2
WISP1	0	1	0	1
WNK1	0	1	0	1
WNK2	0	0	1	0
WNT8A	0	0	0	0
WNT8B	0	1	0	1
WSB1	0	0	1	0
WWC1	0	1	0	1
WWC2	0	0	1	0
WWC3	0	1	0	1
WWTR1	1	0	0	1
XAGE5	0	0	1	0
XDH	0	0	1	0
XIAP	0	1	0	1
XIRP1	0	1	1	1
XIRP2	0	0	1	0
XKR7	0	1	0	1
XKRX	0	0	1	0
XPC	0	1	0	1
XPO6	0	1	1	1
XRCC5	0	1	1	1
XRN2	0	1	0	1
XYLT1	0	0	1	0
YBX3	0	1	0	1
YPEL5	0	1	0	1
YTHDC2	0	1	0	1
YWHAB	0	1	0	1
ZAN	0	1	1	1
ZBED4	0	1	0	1
ZBED5	0	1	0	1
ZBTB10	0	1	0	1
ZBTB17	0	1	0	1
ZBTB3	1	0	0	1
ZBTB40	0	0	1	0
ZBTB46	0	0	0	0
ZBTB48	0	1	0	1
ZBTB49	0	1	0	1
ZBTB7B	0	1	0	1
ZC3H12C	0	1	0	1
ZC3H14	1	0	0	1
ZC3H6	0	1	0	1
ZC3H7A	0	1	0	1
ZC3HAV1	0	1	0	1
ZCCHC14	0	0	1	0
ZCCHC2	0	0	1	0
ZCCHC8	0	1	0	1
ZDBF2	0	3	0	3
ZDHHC15	0	1	0	1
ZDHHC16	0	0	1	0
ZDHHC18	0	2	0	2
ZEB2	1	1	0	2
ZFC3H1	0	2	0	2
ZFHX3	2	1	1	3
ZFHX4	0	1	0	1
ZFP62	0	0	1	0
ZFP64	0	1	0	1
ZFP69	0	2	0	2
ZFPL1	0	0	1	0
ZFR	0	1	0	1
ZFYVE1	0	0	1	0
ZFYVE27	1	0	0	1
ZHX1	0	1	0	1
ZMIZ1	1	0	0	1
ZMYM2	0	0	0	0
ZMYND19	1	0	0	1
ZMYND8	0	1	0	1
ZNF106	0	1	0	1
ZNF174	1	0	0	1
ZNF175	0	1	0	1
ZNF181	0	0	1	0
ZNF184	0	1	0	1
ZNF214	0	1	0	1
ZNF217	1	0	0	1
ZNF219	0	0	1	0
ZNF221	0	1	0	1
ZNF224	0	1	0	1
ZNF233	0	1	0	1
ZNF234	0	1	0	1
ZNF248	0	1	0	1
ZNF254	0	1	0	1
ZNF268	1	1	0	2
ZNF277	0	1	0	1
ZNF281	0	1	0	1
ZNF292	1	1	0	2
ZNF32	0	1	0	1
ZNF326	0	1	0	1
ZNF34	0	1	0	1
ZNF346	0	1	0	1
ZNF37A	0	1	0	1
ZNF385B	0	0	1	0
ZNF407	1	0	0	1
ZNF408	0	1	0	1
ZNF41	0	1	0	1
ZNF418	0	1	0	1
ZNF43	0	1	0	1
ZNF436	0	1	0	1
ZNF441	0	1	0	1
ZNF445	0	0	1	0
ZNF446	0	0	1	0
ZNF449	0	1	0	1
ZNF469	0	2	0	2
ZNF496	0	1	0	1
ZNF500	0	2	0	2
ZNF502	0	1	0	1
ZNF510	1	0	0	1
ZNF512B	0	0	1	0
ZNF513	0	1	0	1
ZNF518B	0	1	0	1
ZNF521	1	0	0	1
ZNF528	0	1	0	1
ZNF536	0	1	0	1
ZNF544	0	1	0	1
ZNF548	0	1	0	1
ZNF560	1	0	1	1
ZNF563	0	1	0	1
ZNF57	0	0	1	0
ZNF576	0	1	0	1
ZNF607	1	1	0	2
ZNF609	0	1	0	1
ZNF618	0	1	0	1
ZNF623	1	0	0	1
ZNF638	0	1	0	1
ZNF646	0	2	0	2
ZNF652	0	1	0	1
ZNF672	1	0	0	1
ZNF675	0	2	0	2
ZNF683	0	1	0	1
ZNF704	0	1	0	1
ZNF707	0	0	1	0
ZNF737	0	1	0	1
ZNF746	0	1	0	1
ZNF750	0	1	0	1
ZNF764	0	1	0	1
ZNF766	1	0	0	1
ZNF77	0	1	0	1
ZNF778	0	0	1	0
ZNF782	0	1	0	1
ZNF783	0	0	1	0
ZNF79	0	2	0	2
ZNF804B	0	1	0	1
ZNF814	0	1	0	1
ZNF829	0	1	0	1
ZNF844	0	0	1	0
ZNF853	0	1	0	1
ZNF878	0	1	0	1
ZNFX1	0	2	0	2
ZP4	0	0	1	0
ZSCAN12	0	1	0	1
ZSCAN2	0	0	1	0
ZSCAN20	0	1	0	1
ZSCAN32	0	0	0	0
ZSWIM6	0	1	0	1
ZSWIM8	0	1	0	1
ZW10	0	1	0	1
